-- phpMyAdmin SQL Dump
-- version 4.9.2
-- https://www.phpmyadmin.net/
--
-- Host: 127.0.0.1:3306
-- Generation Time: Aug 19, 2020 at 12:13 PM
-- Server version: 10.4.10-MariaDB
-- PHP Version: 7.3.12

SET SQL_MODE = "NO_AUTO_VALUE_ON_ZERO";
SET AUTOCOMMIT = 0;
START TRANSACTION;
SET time_zone = "+00:00";


/*!40101 SET @OLD_CHARACTER_SET_CLIENT=@@CHARACTER_SET_CLIENT */;
/*!40101 SET @OLD_CHARACTER_SET_RESULTS=@@CHARACTER_SET_RESULTS */;
/*!40101 SET @OLD_COLLATION_CONNECTION=@@COLLATION_CONNECTION */;
/*!40101 SET NAMES utf8mb4 */;

--
-- Database: `commerce`
--

-- --------------------------------------------------------

--
-- Table structure for table `ec_attributes`
--

DROP TABLE IF EXISTS `ec_attributes`;
CREATE TABLE IF NOT EXISTS `ec_attributes` (
  `_ID` int(11) NOT NULL AUTO_INCREMENT,
  `_Name` varchar(100) DEFAULT NULL,
  `_Values` varchar(255) DEFAULT NULL,
  `_Type` varchar(100) DEFAULT NULL,
  `_Subcat` int(11) DEFAULT NULL,
  `_Created` datetime DEFAULT NULL,
  PRIMARY KEY (`_ID`)
) ENGINE=MyISAM AUTO_INCREMENT=10 DEFAULT CHARSET=latin1;

--
-- Dumping data for table `ec_attributes`
--

INSERT INTO `ec_attributes` (`_ID`, `_Name`, `_Values`, `_Type`, `_Subcat`, `_Created`) VALUES
(1, 'tshirt color', 'purple,navy,red,black', 'textbox', NULL, '2020-07-25 07:07:41'),
(2, 'tshirt size', 'S,M,L,X,xXL,3XL', 'checkbox', 4, '2020-07-28 12:18:15'),
(3, 'Shoes Size', '3,4,5,6,7', 'textbox', NULL, '2020-07-25 07:07:20'),
(4, 'shoes brand', 'Puma,Nike,Red Tape,Red Tape', 'checkbox', NULL, '2020-07-25 07:09:19'),
(5, 'shoes color', 'Black,Navy,Off white,Silver', 'checkbox', NULL, '2020-07-25 07:11:06'),
(6, 'Jeans size', '26,28,30,32,34,36,38,40,42,44', 'textbox', 5, '2020-07-28 12:17:37'),
(7, 'jeans color', 'light blue,blue,white', 'checkbox', NULL, '2020-07-25 09:21:50'),
(8, 'shirt size', '26,28,30,32,34,36,38,40,42,44', 'textbox', 13, '2020-07-28 12:19:18'),
(9, 'shoes size', '6,7,8,9,10,11', 'checkbox', 6, '2020-07-28 12:14:55');

-- --------------------------------------------------------

--
-- Table structure for table `ec_attribute_detail`
--

DROP TABLE IF EXISTS `ec_attribute_detail`;
CREATE TABLE IF NOT EXISTS `ec_attribute_detail` (
  `_ID` int(11) NOT NULL AUTO_INCREMENT,
  `_ProID` int(11) DEFAULT NULL,
  `_Size` varchar(100) DEFAULT NULL,
  `_Color` varchar(100) DEFAULT NULL,
  `_Quantity` int(50) DEFAULT NULL,
  `_Price` varchar(100) DEFAULT NULL,
  `_Sellprice` varchar(100) DEFAULT NULL,
  `_Default` tinyint(1) NOT NULL DEFAULT 0,
  `_Created` datetime(6) DEFAULT NULL,
  PRIMARY KEY (`_ID`)
) ENGINE=MyISAM AUTO_INCREMENT=12 DEFAULT CHARSET=latin1;

--
-- Dumping data for table `ec_attribute_detail`
--

INSERT INTO `ec_attribute_detail` (`_ID`, `_ProID`, `_Size`, `_Color`, `_Quantity`, `_Price`, `_Sellprice`, `_Default`, `_Created`) VALUES
(6, 19, 'XXL', 'Red', NULL, '250', '225', 0, '2020-08-14 07:23:09.000000'),
(5, 19, 'L', 'White', 7, '240', '210', 1, '2020-08-14 07:23:09.000000'),
(7, 20, 'Medium', 'Grey', 2, '300', '249', 1, '2020-08-14 17:13:07.000000'),
(8, 24, 'Medium', 'Red', 16, '410', '', 1, '2020-08-14 17:16:13.000000'),
(9, 25, 'Large', 'White', 16, '420', '210', 1, '2020-08-14 17:17:56.000000'),
(10, 19, 'S', 'GREEN', 10, '240', '210', 0, '2020-08-14 07:23:09.000000'),
(11, 19, 'S', 'Yellow', 5, '240', '210', 0, '2020-08-14 07:23:09.000000');

-- --------------------------------------------------------

--
-- Table structure for table `ec_attribute_detail_old`
--

DROP TABLE IF EXISTS `ec_attribute_detail_old`;
CREATE TABLE IF NOT EXISTS `ec_attribute_detail_old` (
  `_ID` int(11) NOT NULL AUTO_INCREMENT,
  `_ProID` int(11) DEFAULT NULL,
  `_AttID` int(11) DEFAULT NULL,
  `_Attinfo` longtext CHARACTER SET utf8mb4 COLLATE utf8mb4_bin DEFAULT NULL CHECK (json_valid(`_Attinfo`)),
  PRIMARY KEY (`_ID`)
) ENGINE=MyISAM AUTO_INCREMENT=15 DEFAULT CHARSET=latin1;

--
-- Dumping data for table `ec_attribute_detail_old`
--

INSERT INTO `ec_attribute_detail_old` (`_ID`, `_ProID`, `_AttID`, `_Attinfo`) VALUES
(1, 1, 7, '[{\"id\": \"light blue\", \"quantity\": \"2\"}, {\"id\": \"blue\", \"quantity\": \"10\"}]'),
(2, 2, 2, '[{\"id\": \"S\", \"quantity\": \"10\"}, {\"id\": \"M\", \"quantity\": \"5\"}, {\"id\": \"L\", \"quantity\": \"20\"}, {\"id\": \"X\", \"quantity\": \"50\"}, {\"id\": \"xXL\", \"quantity\": \"20\"}, {\"id\": \"3XL\", \"quantity\": \"30\"}]'),
(3, 3, 3, '[{\"id\": \"3\", \"quantity\": \"10\"}, {\"id\": \"4\", \"quantity\": \"2\"}, {\"id\": \"5\", \"quantity\": \"5\"}, {\"id\": \"6\", \"quantity\": \"30\"}, {\"id\": \"7\", \"quantity\": \"8\"}]'),
(4, 4, 8, '[{\"id\": \"26\", \"quantity\": \"10\"}, {\"id\": \"28\", \"quantity\": \"2\"}, {\"id\": \"30\", \"quantity\": \"5\"}, {\"id\": \"32\", \"quantity\": \"12\"}, {\"id\": \"34\", \"quantity\": null}, {\"id\": \"36\", \"quantity\": null}, {\"id\": \"38\", \"quantity\": null}, {\"id\": \"40\", \"quantity\": null}, {\"id\": \"42\", \"quantity\": null}, {\"id\": \"44\", \"quantity\": null}]'),
(5, 5, 7, '[{\"id\": \"light blue\", \"quantity\": \"12\"}, {\"id\": \"blue\", \"quantity\": \"\"}]'),
(6, 6, 1, '[{\"id\": \"purple\", \"quantity\": \"5\"}, {\"id\": \"navy\", \"quantity\": \"\"}, {\"id\": \"red\", \"quantity\": \"10\"}, {\"id\": \"black\", \"quantity\": \"\"}]'),
(7, 7, 4, '[{\"id\": \"Puma\", \"quantity\": \"20\"}, {\"id\": \"Nike\", \"quantity\": \"5\"}, {\"id\": \"Red Tape\", \"quantity\": \"\"}, {\"id\": \"Red Tape\", \"quantity\": \"\"}]'),
(8, 8, 8, '[{\"id\": \"S\", \"quantity\": \"5\"}, {\"id\": \"M\", \"quantity\": \"10\"}, {\"id\": \"L\", \"quantity\": \"\"}, {\"id\": \"XXL\", \"quantity\": \"\"}]'),
(9, 9, 7, '[{\"id\": \"light blue\", \"quantity\": \"\"}, {\"id\": \"blue\", \"quantity\": \"\"}, {\"id\": \"white\", \"quantity\": \"10\"}]'),
(10, 10, 7, '[{\"id\": \"light blue\", \"quantity\": \"\"}, {\"id\": \"blue\", \"quantity\": \"5\"}, {\"id\": \"white\", \"quantity\": \"\"}]'),
(11, 11, 7, '[{\"id\": \"light blue\", \"quantity\": \"\"}, {\"id\": \"blue\", \"quantity\": \"5\"}, {\"id\": \"white\", \"quantity\": \"\"}]'),
(12, 11, 6, '[{\"id\": \"26\", \"quantity\": \"\"}, {\"id\": \"28\", \"quantity\": \"2\"}, {\"id\": \"30\", \"quantity\": \"4\"}, {\"id\": \"32\", \"quantity\": \"5\"}, {\"id\": \"34\", \"quantity\": null}, {\"id\": \"36\", \"quantity\": null}, {\"id\": \"38\", \"quantity\": null}, {\"id\": \"40\", \"quantity\": null}, {\"id\": \"42\", \"quantity\": null}, {\"id\": \"44\", \"quantity\": null}]'),
(13, 1, 6, '[{\"id\": \"26\", \"quantity\": \"11\"}, {\"id\": \"28\", \"quantity\": \"\"}, {\"id\": \"30\", \"quantity\": \"\"}, {\"id\": \"32\", \"quantity\": \"\"}, {\"id\": \"34\", \"quantity\": \"\"}, {\"id\": \"36\", \"quantity\": \"5\"}, {\"id\": \"38\", \"quantity\": \"12\"}, {\"id\": \"40\", \"quantity\": \"\"}, {\"id\": \"42\", \"quantity\": \"\"}, {\"id\": \"44\", \"quantity\": \"\"}]'),
(14, 16, 6, '[{\"id\": \"26\", \"quantity\": \"3\"}, {\"id\": \"28\", \"quantity\": \"\"}, {\"id\": \"30\", \"quantity\": \"\"}, {\"id\": \"32\", \"quantity\": \"\"}, {\"id\": \"34\", \"quantity\": \"5\"}, {\"id\": \"36\", \"quantity\": \"\"}, {\"id\": \"38\", \"quantity\": \"\"}, {\"id\": \"40\", \"quantity\": \"6\"}, {\"id\": \"42\", \"quantity\": \"1\"}, {\"id\": \"44\", \"quantity\": \"2\"}]');

-- --------------------------------------------------------

--
-- Table structure for table `ec_cart`
--

DROP TABLE IF EXISTS `ec_cart`;
CREATE TABLE IF NOT EXISTS `ec_cart` (
  `_ID` int(11) NOT NULL AUTO_INCREMENT,
  `_UserID` varchar(255) DEFAULT NULL,
  `_ProductID` int(250) DEFAULT NULL,
  `_Quantity` int(250) DEFAULT NULL,
  `_Size` varchar(100) DEFAULT NULL,
  `_Color` varchar(100) DEFAULT NULL,
  `_Unitprice` varchar(250) DEFAULT NULL,
  `_Subtotal` varchar(250) DEFAULT NULL,
  `_Created` datetime NOT NULL,
  PRIMARY KEY (`_ID`)
) ENGINE=MyISAM AUTO_INCREMENT=44 DEFAULT CHARSET=latin1;

--
-- Dumping data for table `ec_cart`
--

INSERT INTO `ec_cart` (`_ID`, `_UserID`, `_ProductID`, `_Quantity`, `_Size`, `_Color`, `_Unitprice`, `_Subtotal`, `_Created`) VALUES
(28, '9', 19, 1, NULL, NULL, '210', '210', '2020-08-18 10:53:26');

-- --------------------------------------------------------

--
-- Table structure for table `ec_category`
--

DROP TABLE IF EXISTS `ec_category`;
CREATE TABLE IF NOT EXISTS `ec_category` (
  `_ID` int(11) NOT NULL AUTO_INCREMENT,
  `_Name` varchar(256) DEFAULT NULL,
  `_Description` varchar(1000) DEFAULT NULL,
  `_Image` varchar(256) DEFAULT NULL,
  `_Main_id` int(11) NOT NULL DEFAULT 0,
  `_Created` datetime DEFAULT NULL,
  PRIMARY KEY (`_ID`)
) ENGINE=MyISAM AUTO_INCREMENT=14 DEFAULT CHARSET=latin1;

--
-- Dumping data for table `ec_category`
--

INSERT INTO `ec_category` (`_ID`, `_Name`, `_Description`, `_Image`, `_Main_id`, `_Created`) VALUES
(1, 'men', '', NULL, 0, '2020-07-25 06:50:33'),
(13, 'Shirt', 'hdf', '1595930507.2246_SUBCAT_small.jpg', 1, '2020-07-28 10:01:47'),
(4, 'T- Shirt', 'Explore trendy collection of printed & solid t-shirts & polos from top brands like US Polo, United Colors of Benetton,', '1595931390.0778_SUBCAT_small.jpg', 1, '2020-07-28 10:16:30'),
(5, 'Jeans', 'Jeans are a type of pants or trousers, typically made from denim or dungaree cloth. Often the ... During this period, men\'s jeans had the fly down the front, whereas women\'s jeans had the fly down the left side.', '1595931108.4197_SUBCAT_small.jpg', 1, '2020-07-28 10:11:48'),
(6, 'Shoes', 'avalibale different types of shoes', '1595853639.6059_SUBCAT_small.jpeg', 1, '2020-07-27 12:40:39');

-- --------------------------------------------------------

--
-- Table structure for table `ec_cities`
--

DROP TABLE IF EXISTS `ec_cities`;
CREATE TABLE IF NOT EXISTS `ec_cities` (
  `id` int(11) NOT NULL AUTO_INCREMENT,
  `name` varchar(30) NOT NULL,
  `state_id` int(11) NOT NULL,
  PRIMARY KEY (`id`)
) ENGINE=InnoDB AUTO_INCREMENT=7352 DEFAULT CHARSET=latin1;

--
-- Dumping data for table `ec_cities`
--

INSERT INTO `ec_cities` (`id`, `name`, `state_id`) VALUES
(10, 'Faridabad', 13),
(11, 'Palwal', 13),
(12, 'Hathin', 13),
(13, 'Hassanpur', 13),
(14, 'Gurgaon', 13),
(15, 'Sohna', 13),
(16, 'Ferozepur Jhirka', 13),
(17, 'Dharuhera', 13),
(18, 'Nuh', 13),
(19, 'Narnaul', 13),
(20, 'Bhiwani', 13),
(21, 'Kanina', 13),
(22, 'Loharu', 13),
(23, 'Rewari', 13),
(24, 'Charkhi Dadri', 13),
(25, 'Bawal', 13),
(26, 'Pataudi', 13),
(27, 'Rohtak', 13),
(28, 'Jhajjar', 13),
(29, 'Kalanaur', 13),
(30, 'Beri', 13),
(31, 'Gohana', 13),
(32, 'Sonepat', 13),
(33, 'Bahadurgarh', 13),
(34, 'Hissar', 13),
(35, 'Bawani Khera', 13),
(36, 'Hansi', 13),
(37, 'Narnaund', 13),
(38, 'Tosham', 13),
(39, 'Fatehbad', 13),
(40, 'Fatehabad', 13),
(41, 'Sirsa', 13),
(42, 'Rania', 13),
(43, 'Ladwa', 13),
(44, 'Ellenabad', 13),
(45, 'Mandi Dabwali', 13),
(46, 'Safidon', 13),
(47, 'Jakhal Mandi', 13),
(48, 'Barwala', 13),
(49, 'Julana', 13),
(50, 'Jind', 13),
(51, 'Uchana', 13),
(52, 'Narwana', 13),
(53, 'Tohana', 13),
(54, 'Kaithal', 13),
(55, 'Ganaur', 13),
(56, 'Karnal', 13),
(57, 'Kurukshetra', 13),
(58, 'Pundri', 13),
(59, 'Assandh', 13),
(60, 'Panipat', 13),
(61, 'Samalkha', 13),
(62, 'Gharaunda', 13),
(63, 'Nilokheri', 13),
(64, 'Pehowa', 13),
(65, 'Radaur', 13),
(66, 'Ambala', 13),
(67, 'Mustafabad', 13),
(68, 'Kalka', 13),
(69, 'Panchkula', 13),
(70, 'Pinjore', 13),
(71, 'Naraingarh', 13),
(72, 'Raipur Rani', 13),
(73, 'Yamunanagar', 13),
(74, 'Jagadhri', 13),
(75, 'Bilaspur', 13),
(76, 'Chhachhrauli', 13),
(77, 'Rupnagar', 32),
(78, 'Morinda', 32),
(79, 'Kurali', 32),
(80, 'Anandpur Sahib', 32),
(81, 'Nangal', 32),
(82, 'Kharar', 32),
(83, 'Patiala', 32),
(84, 'Rajpura', 32),
(85, 'Fatehgarh Sahib', 32),
(86, 'Ghanaur', 32),
(87, 'Ludhiana', 32),
(88, 'Raikot', 32),
(89, 'Samrala', 32),
(90, 'Machhiwara', 32),
(91, 'Kapurthala', 32),
(92, 'Jandiala', 32),
(93, 'Nakodar', 32),
(94, 'Payal', 32),
(95, 'Ferozepur', 32),
(96, 'Moga', 32),
(97, 'Badhni Kalan', 32),
(98, 'Dharamkot', 32),
(99, 'Makhu', 32),
(100, 'Zira', 32),
(101, 'Talwandi Bhai', 32),
(102, 'Amritsar', 32),
(103, 'Ajnala', 32),
(104, 'Bhikhiwind', 32),
(105, 'Patti', 32),
(106, 'Khem Karan', 32),
(107, 'Batala', 32),
(108, 'Gurdaspur', 32),
(109, 'Kalanaur', 32),
(110, 'Dhariwal', 32),
(111, 'Sri Hargobindpur', 32),
(112, 'Qadian', 32),
(113, 'Dina Nagar', 32),
(114, 'Majitha', 32),
(115, 'Fatehgarh Churian', 32),
(116, 'Dera Baba Nanak', 32),
(117, 'Jalandhar', 32),
(118, 'Hoshiarpur', 32),
(119, 'Hariana', 32),
(120, 'Mukerian', 32),
(121, 'Hajipur', 32),
(122, 'Alawalpur', 32),
(123, 'Banga', 32),
(124, 'Phagwara', 32),
(125, 'Goraya', 32),
(126, 'Phillaur', 32),
(127, 'Nawanshahr', 32),
(128, 'Rahon', 32),
(129, 'Begowal', 32),
(130, 'Nabha', 32),
(131, 'Sultanpur Lodhi', 32),
(132, 'Shahkot', 32),
(133, 'Kartarpur', 32),
(134, 'Dhilwan', 32),
(135, 'Pathankot', 32),
(136, 'Sujanpur', 32),
(137, 'Mahilpur', 32),
(138, 'Samana', 32),
(139, 'Ghagga', 32),
(140, 'Sanaur', 32),
(141, 'Amloh', 32),
(142, 'Sangrur', 32),
(143, 'Ahmedgarh', 32),
(144, 'Malerkotla', 32),
(145, 'Dhuri', 32),
(146, 'Bhawanigarh', 32),
(147, 'Sunam', 32),
(148, 'Cheema', 32),
(149, 'Lehragaga', 32),
(150, 'Akalgarh', 32),
(151, 'Dirba', 32),
(152, 'Barnala', 32),
(153, 'Bhadaur', 32),
(154, 'Dhanaula', 32),
(155, 'Longowal', 32),
(156, 'Bhatinda', 32),
(157, 'Rampura Phul', 32),
(158, 'Jaitu', 32),
(159, 'Faridkot', 32),
(160, 'Raman', 32),
(161, 'Sangat', 32),
(162, 'Budhlada', 32),
(163, 'Bhikhi', 32),
(164, 'Mansa', 32),
(165, 'Sardulgarh', 32),
(166, 'Maur', 32),
(167, 'Jalalabad', 32),
(168, 'Bariwala', 32),
(169, 'Muktsar', 32),
(170, 'Gidderbaha', 32),
(171, 'Malout', 32),
(172, 'Abohar', 32),
(173, 'Chandigarh', 32),
(174, 'Shimla', 14),
(175, 'Jutogh', 14),
(176, 'Theog', 14),
(177, 'Jubbal', 14),
(178, 'Rohru', 14),
(179, 'Narkanda', 14),
(180, 'Jammu', 15),
(181, 'Ghaziabad', 38),
(182, 'Ramnagar', 38),
(183, 'Loni', 38),
(184, 'Modinagar', 38),
(185, 'Mohiuddinpur', 38),
(186, 'Muradnagar', 38),
(187, 'Gautam Buddha Nagar', 38),
(188, 'Noida', 38),
(189, 'Aligarh', 2),
(190, 'Pilkhana', 38),
(191, 'Gonda', 38),
(192, 'Iglas', 38),
(193, 'Kauriaganj', 38),
(194, 'Khair', 38),
(195, 'Atrauli', 38),
(196, 'Bulandshahar', 2),
(197, 'Anupshahr', 38),
(198, 'Dibai', 38),
(199, 'Shikarpur', 38),
(200, 'Pahasu', 38),
(201, 'Bahjoi', 38),
(202, 'Bilari', 38),
(203, 'Chandausi', 38),
(204, 'Moradabad', 2),
(205, 'Kundarki', 38),
(206, 'Narauli', 38),
(207, 'Khurja', 38),
(208, 'Jewar', 38),
(209, 'Jahangirpur', 38),
(210, 'Dankaur', 38),
(211, 'Sikandrabad', 38),
(212, 'Mathura', 38),
(213, 'Kanth', 38),
(214, 'Hasayan', 38),
(215, 'Mursan', 38),
(216, 'Jasrana', 38),
(217, 'Firozabad', 2),
(218, 'Farukhabad', 2),
(219, 'Amanpur', 38),
(220, 'Nawabganj', 38),
(221, 'Kanpur', 38),
(222, 'Armapur Estate', 38),
(223, 'Akbarpur', 38),
(224, 'Pukhrayan', 38),
(225, 'Amraudha', 38),
(226, 'Bithoor', 38),
(227, 'Ghatampur', 38),
(228, 'Rura', 38),
(229, 'Rasulabad', 38),
(230, 'Jhinjhak', 38),
(231, 'Fatehgarh', 38),
(232, 'Gursahaiganj', 38),
(233, 'Faizabad', 38),
(234, 'Kamalganj', 38),
(235, 'Kannauj', 38),
(236, 'Saurikh', 38),
(237, 'Sikanderpur', 38),
(238, 'Talgram', 38),
(239, 'Unnao', 38),
(240, 'Maurawan', 38),
(241, 'Purwa', 38),
(242, 'Mohan', 38),
(243, 'Gangaghat', 38),
(244, 'Allahabad', 2),
(245, 'Katra', 38),
(246, 'Rajapur', 38),
(247, 'Ranipur', 38),
(248, 'Bharatganj', 38),
(249, 'Shankargarh', 38),
(250, 'Sikandra', 38),
(251, 'Bharwari', 38),
(252, 'Chail', 38),
(253, 'Karari', 38),
(254, 'Phulpur', 38),
(255, 'Fatehpur', 38),
(256, 'Ghazipur', 38),
(257, 'Bindki', 38),
(258, 'Khaga', 38),
(259, 'Harduaganj', 38),
(260, 'Varanasi', 38),
(261, 'Baragaon', 38),
(262, 'Gangapur', 38),
(263, 'Gopiganj', 38),
(264, 'Khamaria', 38),
(265, 'Suriyawan', 38),
(266, 'Nai Bazar', 38),
(267, 'Mirzapur', 38),
(268, 'Baraut', 38),
(269, 'Handia', 38),
(270, 'Jhusi', 38),
(271, 'Chitrakoot', 38),
(272, 'Ayodhya', 38),
(273, 'Deoria', 38),
(274, 'Shahganj', 38),
(275, 'Bikapur', 38),
(276, 'Banki', 38),
(277, 'Barabanki', 38),
(278, 'Satrikh', 38),
(279, 'Dewa', 38),
(280, 'Zaidpur', 38),
(281, 'Lucknow', 2),
(282, 'Wazirganj', 38),
(283, 'Malihabad', 38),
(284, 'Amethi', 38),
(285, 'Haidergarh', 38),
(286, 'Nagram', 38),
(287, 'Rae Bareli', 38),
(288, 'Raibareilly', 38),
(289, 'Salon', 38),
(290, 'Dalmau', 38),
(291, 'Lalganj', 38),
(292, 'Bachhrawan', 38),
(293, 'Jais', 38),
(294, 'Bhagwant Nagar', 38),
(295, 'Obra', 38),
(296, 'Ahraura', 38),
(297, 'Chunar', 38),
(298, 'Chakia', 38),
(299, 'Bisauli', 38),
(300, 'Zamania', 38),
(301, 'Rampur', 38),
(302, 'Mohammadabad', 38),
(303, 'Talbehat', 38),
(304, 'Hardoi', 38),
(305, 'Pali', 38),
(306, 'Shahabad', 38),
(307, 'Sandila', 38),
(308, 'Bilgram', 38),
(309, 'Madhoganj', 38),
(310, 'Mallawan', 38),
(311, 'Beniganj', 38),
(312, 'Gausganj', 38),
(313, 'Sandi', 38),
(314, 'Gopamau', 38),
(315, 'Pihani', 38),
(316, 'Bangarmau', 38),
(317, 'Safipur', 38),
(318, 'Bareilly', 38),
(319, 'Baheri', 38),
(320, 'Aonla', 38),
(321, 'Aliganj', 38),
(322, 'Faridpur', 38),
(323, 'Mirganj', 38),
(324, 'Shahi', 38),
(325, 'Milak', 38),
(326, 'Amroha', 38),
(327, 'Gajraula', 38),
(328, 'Ujhari', 38),
(329, 'Sirsi', 38),
(330, 'Sambhal', 38),
(331, 'Thakurdwara', 38),
(332, 'Bilaspur', 38),
(333, 'Suar', 38),
(334, 'Tanda', 38),
(335, 'Hapur', 38),
(336, 'Babugarh', 38),
(337, 'Meerut', 2),
(338, 'Pilkhuwa', 38),
(339, 'Aurangabad', 38),
(340, 'Bugrasi', 38),
(341, 'Khanpur', 38),
(342, 'Saidpur', 38),
(343, 'Saharanpur', 2),
(344, 'Ambehta', 38),
(345, 'Gangoh', 38),
(346, 'Nakur', 38),
(347, 'Nanauta', 38),
(348, 'Deoband', 38),
(349, 'Ailum', 38),
(350, 'Jalalabad', 38),
(351, 'Jhinjhana', 38),
(352, 'Kairana', 38),
(353, 'Muzaffarnagar', 2),
(354, 'Shamli', 38),
(355, 'Thana Bhawan', 38),
(356, 'Un', 38),
(357, 'Mawana', 38),
(358, 'Hastinapur', 38),
(359, 'Aminagar Sarai', 38),
(360, 'Chhaprauli', 38),
(361, 'Khatauli', 38),
(362, 'Budhana', 38),
(363, 'Shahpur', 38),
(364, 'Sisauli', 38),
(365, 'Sitapur', 38),
(366, 'Khairabad', 38),
(367, 'Laharpur', 38),
(368, 'Maholi', 38),
(369, 'Biswan', 38),
(370, 'Jahangirabad', 38),
(371, 'Pilibhit', 38),
(372, 'Puranpur', 38),
(373, 'Sultanpur', 38),
(374, 'Bilsanda', 38),
(375, 'Barkhera', 38),
(376, 'Basti', 38),
(377, 'Harraiya', 38),
(378, 'Bansi', 38),
(379, 'Hariharpur', 38),
(380, 'Maghar', 38),
(381, 'Khalilabad', 38),
(382, 'Tetri Bazar', 38),
(383, 'Sahjanwa', 38),
(384, 'Kushinagar', 38),
(385, 'Bahadurganj', 38),
(386, 'Sadat', 38),
(387, 'Amila', 38),
(388, 'Ghosi', 38),
(389, 'Kopaganj', 38),
(390, 'Ballia', 38),
(391, 'Bajna', 38),
(392, 'Raya', 38),
(393, 'Baldeo', 38),
(394, 'Gokul', 38),
(395, 'Mahaban', 38),
(396, 'Barsana', 38),
(397, 'Radhakund', 38),
(398, 'Agra', 2),
(399, 'Dayalbagh', 38),
(400, 'Bah', 38),
(401, 'Fatehpur Sikri', 38),
(402, 'Fatehabad', 38),
(403, 'Pinahat', 38),
(404, 'Tundla', 38),
(405, 'Lalitpur', 38),
(406, 'Alwar', 33),
(407, 'Khairthal', 33),
(408, 'Kishangarh', 33),
(409, 'Tijara', 33),
(410, 'Baran', 33),
(411, 'Jaipur', 33),
(412, 'Bagru', 33),
(413, 'Viratnagar', 33),
(414, 'Kotputli', 33),
(415, 'Dausa', 33),
(416, 'Bandikui', 33),
(417, 'Jobner', 33),
(418, 'Lalsot', 33),
(419, 'Didwana', 33),
(420, 'Kishangarh Renwal', 33),
(421, 'Nagaur', 33),
(422, 'Chomu', 33),
(423, 'Chaksu', 33),
(424, 'Tonk', 33),
(425, 'Uniara', 33),
(426, 'Malpura', 33),
(427, 'Deoli', 33),
(428, 'Ajmer', 33),
(429, 'Bhilwara', 33),
(430, 'Pushkar', 33),
(431, 'Sarwar', 33),
(432, 'Kekri', 33),
(433, 'Jahazpur', 33),
(434, 'Nasirabad', 33),
(435, 'Beawar', 33),
(436, 'Rajsamand', 33),
(437, 'Pali', 33),
(438, 'Rani', 33),
(439, 'Bali', 33),
(440, 'Sadri', 33),
(441, 'Sumerpur', 33),
(442, 'Jalore', 33),
(443, 'Sirohi', 33),
(444, 'Pindwara', 33),
(445, 'Udaipur', 33),
(446, 'Sheoganj', 33),
(447, 'Gulabpura', 33),
(448, 'Asind', 33),
(449, 'Shahpura', 33),
(450, 'Mandalgarh', 33),
(451, 'Chechat', 33),
(452, 'Bari Sadri', 33),
(453, 'Salumbar', 33),
(454, 'Nathdwara', 33),
(455, 'Bhinder', 33),
(456, 'Dhariawad', 33),
(457, 'Dungarpur', 33),
(458, 'Sagwara', 33),
(459, 'Galiakot', 33),
(460, 'Kherli', 33),
(461, 'Mahwa', 33),
(462, 'Swaimadhopur', 33),
(463, 'Phalodi', 33),
(464, 'Mahu Kalan', 33),
(465, 'Sikar', 33),
(466, 'Hindaun', 33),
(467, 'Karanpur', 33),
(468, 'Bundi', 33),
(469, 'Keshoraipatan', 33),
(470, 'Lakheri', 33),
(471, 'Kota', 33),
(472, 'Chhabra', 33),
(473, 'Sangod', 33),
(474, 'Jhalawar', 33),
(475, 'Bakani', 33),
(476, 'Aklera', 33),
(477, 'Pirawa', 33),
(478, 'Manohar Thana', 33),
(479, 'Bhawani Mandi', 33),
(480, 'Ramganj Mandi', 33),
(481, 'Suket', 33),
(482, 'Banswara', 33),
(483, 'Kushalgarh', 33),
(484, 'Dholpur', 33),
(485, 'Rajakhera', 33),
(486, 'Churu', 33),
(487, 'Ratannagar', 33),
(488, 'Ratangarh', 33),
(489, 'Jhunjhunu', 33),
(490, 'Bissau', 33),
(491, 'Taranagar', 33),
(492, 'Sardarshahar', 33),
(493, 'Bidasar', 33),
(494, 'Chhapar', 33),
(495, 'Sujangarh', 33),
(496, 'Rajaldesar', 33),
(497, 'Losal', 33),
(498, 'Khandela', 33),
(499, 'Sri Madhopur', 33),
(500, 'Chirawa', 33),
(501, 'Surajgarh', 33),
(502, 'Pilani', 33),
(503, 'Nawalgarh', 33),
(504, 'Udaipurwati', 33),
(505, 'Khetri', 33),
(506, 'Mandawa', 33),
(507, 'Mukandgarh', 33),
(508, 'Bikaner', 33),
(509, 'Nokha', 33),
(510, 'Ganganagar', 33),
(511, 'Gajsinghpur', 33),
(512, 'Padampur', 33),
(513, 'Raisinghnagar', 33),
(514, 'Sadulshahar', 33),
(515, 'Hanumangarh', 33),
(516, 'Nohar', 33),
(517, 'Anupgarh', 33),
(518, 'Pilibanga', 33),
(519, 'Suratgarh', 33),
(520, 'Kuchera', 33),
(521, 'Makrana', 33),
(522, 'Merta City', 33),
(523, 'Parbatsar', 33),
(524, 'Jodhpur', 33),
(525, 'Bilara', 33),
(526, 'Sanchore', 33),
(527, 'Barmer', 33),
(528, 'Balotra', 33),
(529, 'Jaisalmer', 33),
(530, 'Pokaran', 33),
(531, 'Pauri Garwhal', 2),
(532, 'Jhansi', 21),
(533, 'Garautha', 21),
(534, 'Mauranipur', 21),
(535, 'Jhnsi', 21),
(536, 'Maruanipur', 21),
(537, 'Moth', 21),
(538, 'Konch', 21),
(539, 'Nepanagar', 21),
(540, 'Harsud', 21),
(541, 'Khandwa', 21),
(542, 'Pandhana', 21),
(543, 'Burhanpur', 21),
(544, 'Khaknar', 21),
(545, 'Naya Harsud', 21),
(546, 'Kasarawad', 21),
(547, 'Kasrawad', 21),
(548, 'Khargone', 21),
(549, 'Barwaha', 21),
(550, 'Bhikangaon', 21),
(551, 'Dhar', 21),
(552, 'Maheshwar', 21),
(553, 'Maheashwar', 21),
(554, 'Jhirniya', 21),
(555, 'Jhiranya', 21),
(556, 'Jhirnia', 21),
(557, 'Segaon', 21),
(558, 'Bhagwanpura', 21),
(559, 'Bhagawanpura', 21),
(560, 'Rajpur', 21),
(561, 'Barwani', 21),
(562, 'Niwali', 21),
(563, 'Thikari', 21),
(564, 'Anjad', 21),
(565, 'Katni', 21),
(566, 'Sendhwa', 21),
(567, 'Pansemal', 21),
(568, 'Sendhawa', 21),
(569, 'Indore', 21),
(570, 'Depalpur', 21),
(571, 'Mhow', 21),
(572, 'Sanwer', 21),
(573, 'Dhjar', 21),
(574, 'Sardarpur', 21),
(575, 'Kukshai', 21),
(576, 'Kukshi', 21),
(577, 'Manawar', 21),
(578, 'Dharampuri', 21),
(579, 'Badnawar', 21),
(580, 'Dewas', 21),
(581, 'Bagli', 21),
(582, 'Sonkutch', 21),
(583, 'Kannod', 21),
(584, 'Khategaon', 21),
(585, 'Ujjain', 21),
(586, 'Ghatiya', 21),
(587, 'Badnagar', 21),
(588, 'Nagda', 21),
(589, 'Khacharod', 21),
(590, 'Bhatpachlana', 21),
(591, 'Piploda Baghla', 21),
(592, 'Polai Kalan', 21),
(593, 'Mahidpur', 21),
(594, 'Jharda', 21),
(595, 'Tajpur', 21),
(596, 'Tarana', 21),
(597, 'Runija', 21),
(598, 'Bajna', 21),
(599, 'Ratlam', 21),
(600, 'Sailana', 21),
(601, 'Alot', 21),
(602, 'Alote', 21),
(603, 'Piploda', 21),
(604, 'Jaora', 21),
(605, 'Jhabua', 21),
(606, 'Meghnagar', 21),
(607, 'Petlawad', 21),
(608, 'Thandla', 21),
(609, 'Petlawada', 21),
(610, 'Bhavra', 21),
(611, 'Alirajpur', 21),
(612, 'Ranapur', 21),
(613, 'Mandsaur', 21),
(614, 'Manasa', 21),
(615, 'Jawad', 21),
(616, 'Mandasur', 21),
(617, 'Neemuch', 21),
(618, 'Malhargarh', 21),
(619, 'Sitamau', 21),
(620, 'Malahargarh', 21),
(621, 'Bhanpura', 21),
(622, 'Garoth', 21),
(623, 'Suwasara Mandi', 21),
(624, 'Betul', 21),
(625, 'Bhainsdehi', 21),
(626, 'Bahinsdehi', 21),
(627, 'Amal', 21),
(628, 'Shahpur', 21),
(629, 'Shahpura', 21),
(630, 'Amla', 21),
(631, 'Multai', 21),
(632, 'Mulati', 21),
(633, 'Parasia', 21),
(634, 'Babai', 21),
(635, 'Hoshangabad', 21),
(636, 'Timarni', 21),
(637, 'Itarsi', 21),
(638, 'Seoni Malwa', 21),
(639, 'Harda', 21),
(640, 'Khirkiya', 21),
(641, 'Khirkiyan', 21),
(642, 'Sohagpur', 21),
(643, 'Piparia', 21),
(644, 'Pipariya', 21),
(645, 'Bankhedi', 21),
(646, 'Gadarwara', 21),
(647, 'Huzur', 21),
(648, 'Bhopal', 21),
(649, 'Vidisha', 21),
(650, 'Nateran', 21),
(651, 'Lateri', 21),
(652, 'Gyaraspur', 21),
(653, 'Basoda', 21),
(654, 'Kurwai', 21),
(655, 'Sironj', 21),
(656, 'Bina', 21),
(657, 'Gairatganj', 21),
(658, 'Goharganj', 21),
(659, 'Raisen', 21),
(660, 'Baraily', 21),
(661, 'Udaipura', 21),
(662, 'Silwani', 21),
(663, 'Begamganj', 21),
(664, 'Shajapur', 21),
(665, 'Berchha', 21),
(666, 'Shujalpur', 21),
(667, 'Sundersi', 21),
(668, 'Awantipur Barodiya', 21),
(669, 'Kalisindh', 21),
(670, 'Akodia', 21),
(671, 'Moman Badodiya', 21),
(672, 'Barodia Kumaria', 21),
(673, 'Salsalai', 21),
(674, 'Agar', 21),
(675, 'Kanad', 21),
(676, 'Kalapipal', 21),
(677, 'Jamner', 21),
(678, 'Khokra Kalan', 21),
(679, 'Agar Malwa', 21),
(680, 'Nalkheda', 21),
(681, 'Susner', 21),
(682, 'Soyat Kalan', 21),
(683, 'Barode', 21),
(684, 'Rajgarh', 21),
(685, 'Rajgarh(Bia)', 21),
(686, 'Kurawar', 21),
(687, 'Narsinghgarh', 21),
(688, 'Sarangpur', 21),
(689, 'Biaora', 21),
(690, 'Raigarh', 21),
(691, 'Suthalia', 21),
(692, 'Talen', 21),
(693, 'Khilchipur', 21),
(694, 'Pachore', 21),
(695, 'Boda', 21),
(696, 'Khujner', 21),
(697, 'Chhapiheda', 21),
(698, 'Zeerapur', 21),
(699, 'Jirapur', 21),
(700, 'Machalpur', 21),
(701, 'Ashta', 21),
(702, 'Sehore', 21),
(703, 'Bilkisganj', 21),
(704, 'Ichhawar', 21),
(705, 'Kotri', 21),
(706, 'Ichawar', 21),
(707, 'Metwada', 21),
(708, 'Siddikganj', 21),
(709, 'Jawar', 21),
(710, 'Nasrullagaj', 21),
(711, 'Nasrullaganj', 21),
(712, 'Budhni', 21),
(713, 'Budni', 21),
(714, 'Doraha', 21),
(715, 'Rehti', 21),
(716, 'Baktara', 21),
(717, 'Shahganj', 21),
(718, 'Shyampur', 21),
(719, 'Ahmedpur', 21),
(720, 'Sagar', 21),
(721, 'Banda', 21),
(722, 'Khurai', 21),
(723, 'Rahatgarh', 21),
(724, 'Kesli', 21),
(725, 'Deori', 21),
(726, 'Rehli', 21),
(727, 'Garhakota', 21),
(728, 'Damoh', 21),
(729, 'Patera', 21),
(730, 'Patharia', 21),
(731, 'Batiyagarh', 21),
(732, 'Jabera', 21),
(733, 'Pathariya', 21),
(734, 'Hatta', 21),
(735, 'Chhatarpur', 21),
(736, 'Nowgong', 21),
(737, 'Malehara', 21),
(738, 'Malehra', 21),
(739, 'Laundi', 21),
(740, 'Bad Malahara', 21),
(741, 'Badamalahara', 21),
(742, 'Badamalahra', 21),
(743, 'Malahara', 21),
(744, 'Bijawar', 21),
(745, 'Gaurihar', 21),
(746, 'Laund', 21),
(747, 'Rajanagar', 21),
(748, 'Rajnagar', 21),
(749, 'Tikamgarh', 21),
(750, 'Jatara', 21),
(751, 'Baldeogarh', 21),
(752, 'Pawai', 21),
(753, 'Khargapur', 21),
(754, 'Palera', 21),
(755, 'Pelara', 21),
(756, 'Niwari', 21),
(757, 'Orchha', 21),
(758, 'Tikamgar', 21),
(759, 'Prithvipur', 21),
(760, 'Guna', 21),
(761, 'Aroun', 21),
(762, 'Bamori', 21),
(763, 'Raghogarh', 21),
(764, 'Chacauda', 21),
(765, 'Chachoda', 21),
(766, 'Chachauda', 21),
(767, 'Kumbhraj', 21),
(768, 'Maksudangarh', 21),
(769, 'Ashoknagar', 21),
(770, 'Ashok Nagar', 21),
(771, 'Esagarh', 21),
(772, 'Mungaoli', 21),
(773, 'Chanderi', 21),
(774, 'Shivpuri', 21),
(775, 'Khaniadhana', 21),
(776, 'Karera', 21),
(777, 'Pichhore', 21),
(778, 'Kolaras', 21),
(779, 'Pohri', 21),
(780, 'Narwar', 21),
(781, 'Gird', 21),
(782, 'Gwalior', 21),
(783, 'Morar', 21),
(784, 'Dabra', 21),
(785, 'Gwalor', 21),
(786, 'Bhitarwar', 21),
(787, 'Bhandair', 21),
(788, 'Bhander', 21),
(789, 'Datia', 21),
(790, 'Seondha', 21),
(791, 'Indergah', 21),
(792, 'Indergarh', 21),
(793, 'Joura', 21),
(794, 'Morena', 21),
(795, 'Ambah', 21),
(796, 'Porsa', 21),
(797, 'Dimni', 21),
(798, 'Kailaras', 21),
(799, 'Kealras', 21),
(800, 'Kelaras', 21),
(801, 'Sabalgarh', 21),
(802, 'Bijaipur', 21),
(803, 'Bijaypur', 21),
(804, 'Vijaypur', 21),
(805, 'Sheopur', 21),
(806, 'Karahal', 21),
(807, 'Bhind', 21),
(808, 'Ater', 21),
(809, 'Attair', 21),
(810, 'Gohad', 21),
(811, 'Mehgoun', 21),
(812, 'Mehgaon', 21),
(813, 'Raun', 21),
(814, 'Ron', 21),
(815, 'Mihona', 21),
(816, 'Lahar', 21),
(817, 'Barhi', 21),
(818, 'Chhindwar', 21),
(819, 'Chhindwara', 21),
(820, 'Chhindwra', 21),
(821, 'Sausar', 21),
(822, 'Bichhua', 21),
(823, 'Chaurai', 21),
(824, 'Chourai', 21),
(825, 'Chouai', 21),
(826, 'Chourak', 21),
(827, 'Amarawara', 21),
(828, 'Amarwara', 21),
(829, 'Harrai', 21),
(830, 'Pandhurna', 21),
(831, 'Paraisa', 21),
(832, 'Chandametta', 21),
(833, 'Junnardeo', 21),
(834, 'Jamai', 21),
(835, 'Junnareo', 21),
(836, 'Tamia', 21),
(837, 'Seoni', 21),
(838, 'Barghat', 21),
(839, 'Bharghat', 21),
(840, 'Korai', 21),
(841, 'Lakhanadon', 21),
(842, 'Ghansore', 21),
(843, 'Lakhnadon', 21),
(844, 'Keolari', 21),
(845, 'Ghansire', 21),
(846, 'Balaghat', 21),
(847, 'Laburra', 21),
(848, 'Baihar', 21),
(849, 'Kiranpur', 21),
(850, 'Kirnapur', 21),
(851, 'Lanji', 21),
(852, 'Khairlanji', 21),
(853, 'Lalbarra', 21),
(854, 'Lalburra', 21),
(855, 'Waraseoni', 21),
(856, 'Katangi', 21),
(857, 'Tirodi', 21),
(858, 'Mandla', 21),
(859, 'Niwas', 21),
(860, 'Nainpur', 21),
(861, 'Sahpura Niwas', 21),
(862, 'Sahpuraniwas', 21),
(863, 'Shahpura Niwas', 21),
(864, 'Bhua Bichhiya', 21),
(865, 'Bhuabichhiya', 21),
(866, 'Dindori', 21),
(867, 'Bhuabichhia', 21),
(868, 'Bhubichhiya', 21),
(869, 'Bhua Bichhia', 21),
(870, 'Jabalpur', 21),
(871, 'Bhedaghat', 21),
(872, 'Patan', 21),
(873, 'Kundam', 21),
(874, 'Jsbslpur', 21),
(875, 'Sihora', 21),
(876, 'Sihora.', 21),
(877, 'Bahoriband', 21),
(878, 'Bahoriaband', 21),
(879, 'Sihira', 21),
(880, 'Murwara', 21),
(881, 'Vijayaragahvgarh', 21),
(882, 'Vijayaraghavgarh', 21),
(883, 'Vijayaraghvgarh', 21),
(884, 'Vijayarghavgarh', 21),
(885, 'Vijayragahvgarh', 21),
(886, 'Kanti', 21),
(887, 'Ijayaraghavgarh.', 21),
(888, 'Vijaragahvgarh', 21),
(889, 'Vijayraghavgarh', 21),
(890, 'Rithi', 21),
(891, 'Anuppur', 21),
(892, 'Beohari', 21),
(893, 'Shagpur', 21),
(894, 'Shahdol', 21),
(895, 'B. Pali', 21),
(896, 'B.Pali', 21),
(897, 'Jaithari', 21),
(898, 'Pushparajgarh', 21),
(899, 'Kotma', 21),
(900, 'Jaitpur', 21),
(901, 'Jaisinghnagar', 21),
(902, 'Birsinghpur Pali', 21),
(903, 'Bandhogarh', 21),
(904, 'Umaria', 21),
(905, 'Burhar', 21),
(906, 'Churhat', 21),
(907, 'V', 21),
(908, 'Maihar', 21),
(909, 'Raghurajnagar', 21),
(910, 'Satna', 21),
(911, 'Rampur Baghelan', 21),
(912, 'Rampur-Baghelan', 21),
(913, 'Raghuraj Nagar', 21),
(914, 'Nagod', 21),
(915, 'Mauganj', 21),
(916, 'Unchehara', 21),
(917, 'Amarpatan', 21),
(918, 'Ramnagar', 21),
(919, 'Rewa', 21),
(920, 'Sirmour', 21),
(921, 'Raipur - Karchuliyan', 21),
(922, 'Teonthar', 21),
(923, 'Gurh', 21),
(924, 'Hanumana', 21),
(925, 'Gopad Vanas', 21),
(926, 'Gopadbanas', 21),
(927, 'Gopadvanas', 21),
(928, 'Majauli', 21),
(929, 'Sihawal', 21),
(930, 'Sidhi', 21),
(931, 'Rampur Naikin', 21),
(932, 'Deosar', 21),
(933, 'Devsar', 21),
(934, 'Chitrangi', 21),
(935, 'Singrauli', 21),
(936, 'Singrauli Colliery', 21),
(937, 'Kareli', 21),
(938, 'Narsimhapur', 21),
(939, 'Narsinghpur', 21),
(940, 'Narsinghpur Ho', 21),
(941, 'Gotegaon', 21),
(942, 'Tendukheda', 21),
(943, 'Saikheda', 21),
(944, 'Narasinghpur', 21),
(945, 'Panna', 21),
(946, 'Gunnor', 21),
(947, 'Ajaigarh', 21),
(948, 'Ajaygarh', 21),
(949, 'Devendra', 21),
(950, 'Devendra Nagar', 21),
(951, 'Raipura', 21),
(952, 'Rajkot', 12),
(953, 'Lodhika', 12),
(954, 'Kotda Sangani', 12),
(955, 'Kotda Sanghani', 12),
(956, 'Jasdan', 12),
(957, 'Kotda Saangani', 12),
(958, 'Sardhar', 12),
(959, 'Kotda', 12),
(960, 'Sayla', 12),
(961, 'Gondal', 12),
(962, 'Kalavad', 12),
(963, 'Dhrol', 12),
(964, 'Paddhari', 12),
(965, 'Dhoraji', 12),
(966, 'Jetpur', 12),
(967, 'Jamkandorna', 12),
(968, 'Upleta', 12),
(969, 'Jamjodhpur', 12),
(970, 'Manavadar', 12),
(971, 'Kutiyana', 12),
(972, 'Bhanvad', 12),
(973, 'Jamnagar', 12),
(974, 'Okhamandal', 12),
(975, 'Porbandar', 12),
(976, 'Ranavav', 12),
(977, 'Junagadh', 12),
(978, 'Porbaandar', 12),
(979, 'Jodiya', 12),
(980, 'Khambhalia', 12),
(981, 'Jodia', 12),
(982, 'Lalpur', 12),
(983, 'Kahbhalia', 12),
(984, 'Kalyanpur', 12),
(985, 'Jamkalyanpur', 12),
(986, 'Bhesan', 12),
(987, 'Talala', 12),
(988, 'Keshod', 12),
(989, 'Vanthali(S)', 12),
(990, 'Mangrol', 12),
(991, 'Malia', 12),
(992, 'Malia Hatina', 12),
(993, 'Patan-Veraval', 12),
(994, 'Mendarda', 12),
(995, 'Sutrapada', 12),
(996, 'Una', 12),
(997, 'Vanthli', 12),
(998, 'Kodinar', 12),
(999, 'Amreli', 12),
(1000, 'Jafrabad', 12),
(1001, 'Wadhwancity', 12),
(1002, 'Wadhwanicity', 12),
(1003, 'Wadhwan', 12),
(1004, 'Surendranagar', 12),
(1005, 'Lakhtar', 12),
(1006, 'Lkhtar', 12),
(1007, 'Dhrangadhra', 12),
(1008, 'Dhrangsadhra', 12),
(1009, 'Dshrangadhra', 12),
(1010, 'Halvad', 12),
(1011, 'Navsari', 12),
(1012, 'Limbdi', 12),
(1013, 'Limndi', 12),
(1014, 'Surendra Nagar', 12),
(1015, 'Dhandhuka', 12),
(1016, 'Limbdiq', 12),
(1017, 'Muli', 12),
(1018, 'Chotila', 12),
(1019, 'Ahmedabad', 12),
(1020, 'Wankaner', 12),
(1021, 'Maliya Miyana', 12),
(1022, 'Morvi', 12),
(1023, 'Morbi', 12),
(1024, 'Taankaraa', 12),
(1025, 'Tankara', 12),
(1026, 'Dahisara', 12),
(1027, 'Malia(M)', 12),
(1028, 'Maliya', 12),
(1029, 'Bhavnagar', 12),
(1030, 'Gogha', 12),
(1031, 'Talaja', 12),
(1032, 'Mahuva', 12),
(1033, 'Sihor', 12),
(1034, 'Damnagar', 12),
(1035, 'Palitana', 12),
(1036, 'Umrala', 12),
(1037, 'Gariyadhar', 12),
(1038, 'Patan', 12),
(1039, 'Vallabhiopur', 12),
(1040, 'Vallabhipur', 12),
(1041, 'Vallbhiopur', 12),
(1042, 'Vallbhipur', 12),
(1043, 'Gadhada Sn', 12),
(1044, 'Lathi', 12),
(1045, 'Vadia', 12),
(1046, 'Jesar', 12),
(1047, 'Savar Kundla', 12),
(1048, 'Savarkundla', 12),
(1049, 'Rajula', 12),
(1050, 'Chalala', 12),
(1051, 'Botad', 12),
(1052, 'Gadhada', 12),
(1053, 'Babra', 12),
(1054, 'Bagasara', 12),
(1055, 'Visavadar', 12),
(1056, 'Kunkvav-Vadia', 12),
(1057, 'Bagsra', 12),
(1058, 'Kunkavav Vadia', 12),
(1059, 'Liliya', 12),
(1060, 'Khambha', 12),
(1061, 'Dhari', 12),
(1062, 'Bhuj', 12),
(1063, 'Nakhatrana', 12),
(1064, 'Anjar', 12),
(1065, 'Bhachau', 12),
(1066, 'Abdasa', 12),
(1067, 'Rahpar', 12),
(1068, 'Rapar', 12),
(1069, 'Gandhidham', 12),
(1070, 'Mundra', 12),
(1071, 'K. Mandvi', 12),
(1072, 'Mandvi', 12),
(1073, 'Mandavi', 12),
(1074, 'Kachchh', 12),
(1075, 'Lakhpat', 12),
(1076, 'Lakhapat', 12),
(1077, 'Kachch', 12),
(1078, 'Ahmadabad City', 12),
(1079, 'City Taluka', 12),
(1080, 'Daskroi', 12),
(1081, 'Sanand', 12),
(1082, 'Gandhinagar', 12),
(1083, 'Gandhi Nagar', 12),
(1084, 'Sannad', 12),
(1085, 'Viramgam', 12),
(1086, 'Kadi', 12),
(1087, 'Kalol', 12),
(1088, 'Detroj Rampura', 12),
(1089, 'Detroj- Rampura', 12),
(1090, 'Detroj-Rampura', 12),
(1091, 'Mandal', 12),
(1092, 'Patdi', 12),
(1093, 'Detrioj-Rampura', 12),
(1094, 'Dascroi', 12),
(1095, 'Bavla', 12),
(1096, 'Dholka', 12),
(1097, 'Ranpur', 12),
(1098, 'Barwala', 12),
(1099, 'Dehgam', 12),
(1100, 'Dasroi', 12),
(1101, 'Ahmedabad City', 12),
(1102, 'Mahesana', 12),
(1103, 'Boriavi', 12),
(1104, 'Mansa', 12),
(1105, 'Dasada', 12),
(1106, 'Dasda', 12),
(1107, 'Dasdaa', 12),
(1108, 'Vijapur', 12),
(1109, 'Satlasana', 12),
(1110, 'Visnagar', 12),
(1111, 'Himatnagar', 12),
(1112, 'Himatnagar.', 12),
(1113, 'Idar', 12),
(1114, 'Himatanagar', 12),
(1115, 'Prantij', 12),
(1116, 'Talod', 12),
(1117, 'Khedbrahma', 12),
(1118, 'Vadali', 12),
(1119, 'Bhiloda', 12),
(1120, 'Vijaynagar', 12),
(1121, 'Modasa', 12),
(1122, 'Meghraj', 12),
(1123, 'Bayad', 12),
(1124, 'Dhansura', 12),
(1125, 'Malpur', 12),
(1126, 'Sabarkantha', 12),
(1127, 'Vijaynagar.', 12),
(1128, 'Becharaji', 12),
(1129, 'Kheralu', 12),
(1130, 'Unjha', 12),
(1131, 'Sidhpur', 12),
(1132, 'Vadnagar', 12),
(1133, 'Chanasma', 12),
(1134, 'Harij', 12),
(1135, 'Sami', 12),
(1136, 'Santalpur', 12),
(1137, 'Dabhoi', 12),
(1138, 'Satalasana', 12),
(1139, 'Vadnabar', 12),
(1140, 'Amirgadh', 12),
(1141, 'Banaskantha', 12),
(1142, 'Palanpur', 12),
(1143, 'Vadgam', 12),
(1144, 'Danta', 12),
(1145, 'Shri Amirgadh', 12),
(1146, 'Shriamirgadh', 12),
(1147, 'Vadagam', 12),
(1148, 'Dhanera', 12),
(1149, 'Tharad', 12),
(1150, 'Bhabhar', 12),
(1151, 'Deodar', 12),
(1152, 'Radhanpur', 12),
(1153, 'Santalpurp', 12),
(1154, 'Dantiwada', 12),
(1155, 'Disa', 12),
(1156, 'Deesa', 12),
(1157, 'Kankraj', 12),
(1158, 'Kankrej', 12),
(1159, 'Vav', 12),
(1160, 'Nadiad', 12),
(1161, 'Naidiad', 12),
(1162, 'Mahemdavad', 12),
(1163, 'Mehmedabad', 12),
(1164, 'Umreth', 12),
(1165, 'Kheda', 12),
(1166, 'Mahemdabad', 12),
(1167, 'Sojitra', 12),
(1168, 'Matar', 12),
(1169, 'Mahudha', 12),
(1170, 'Anand', 12),
(1171, 'Kathlal', 12),
(1172, 'Petlad', 12),
(1173, 'Kapadwanj', 12),
(1174, 'Tarapur', 12),
(1175, 'Kapadvanj', 12),
(1176, 'Borsad', 12),
(1177, 'Perlad', 12),
(1178, 'Khambhat', 12),
(1179, 'Tarapura=', 12),
(1180, 'Unreth', 12),
(1181, 'Thasra', 12),
(1182, 'Birpur', 12),
(1183, 'Thsra', 12),
(1184, 'Balasinor', 12),
(1185, 'Virpur', 12),
(1186, 'Lunawada', 12),
(1187, 'Panchmahals', 12),
(1188, 'Anklav', 12),
(1189, 'Godhra', 12),
(1190, 'Savli', 12),
(1191, 'Godhara', 12),
(1192, 'Shehera', 12),
(1193, 'Santrampur', 12),
(1194, 'Morwa (Hadaf)', 12),
(1195, 'Morva Hadaf', 12),
(1196, 'Devgadbaria', 12),
(1197, 'Devgadh Baria', 12),
(1198, 'Limkheda', 12),
(1199, 'Dhanpur', 12),
(1200, 'Dohad', 12),
(1201, 'Dahod', 12),
(1202, 'Garbada', 12),
(1203, 'Panchamahals', 12),
(1204, 'Jhalod', 12),
(1205, 'Fatepura', 12),
(1206, 'Jahlod', 12),
(1207, 'Likheda', 12),
(1208, 'Khanpur', 12),
(1209, 'Kadana', 12),
(1210, 'Santrampura', 12),
(1211, 'Ghoghamba', 12),
(1212, 'Ghoghmba', 12),
(1213, 'Halol', 12),
(1214, 'Holol', 12),
(1215, 'Jambughoda', 12),
(1216, 'Vadodara', 12),
(1217, 'Sinor', 12),
(1218, 'Narmada', 12),
(1219, 'Tilakwada', 12),
(1220, 'Naswadi', 12),
(1221, 'Sankheda', 12),
(1222, 'Bodeli', 12),
(1223, 'Pavijetpur', 12),
(1224, 'Nasvadi', 12),
(1225, 'Chhotaudepur', 12),
(1226, 'Pavijetpura', 12),
(1227, 'Chhota Udepur', 12),
(1228, 'Chhota-Udepur', 12),
(1229, 'Ch.Udepur', 12),
(1230, 'Kawant', 12),
(1231, 'Karjan', 12),
(1232, 'Padra', 12),
(1233, 'Rajpipla', 12),
(1234, 'Vaghodia', 12),
(1235, 'Vaghoida', 12),
(1236, 'Vaghodida', 12),
(1237, 'Anklesvar', 12),
(1238, 'Jambusar', 12),
(1239, 'Nandod', 12),
(1240, 'Bharuch', 12),
(1241, 'Bahruch', 12),
(1242, 'Amod', 12),
(1243, 'Hansot', 12),
(1244, 'Vagra', 12),
(1245, 'Jhagadia', 12),
(1246, 'Dediapada', 12),
(1247, 'Jambsuar', 12),
(1248, 'Ankleshwar', 12),
(1249, 'Andada', 12),
(1250, 'Sagbara', 12),
(1251, 'Surat', 12),
(1252, 'Rajpipala', 12),
(1253, 'Valia', 12),
(1254, 'Nadod', 12),
(1255, 'Chorasi', 12),
(1256, 'Chorayasi', 12),
(1257, 'Olpad', 12),
(1258, 'Sayan', 12),
(1259, 'Kamrej', 12),
(1260, 'Makrej', 12),
(1261, 'Surat City', 12),
(1262, 'Udhna', 12),
(1263, 'Sachin', 12),
(1264, 'Lajpore', 12),
(1265, 'Valod', 12),
(1266, 'Bardoli', 12),
(1267, 'Choryasi', 12),
(1268, 'Palsana', 12),
(1269, 'Songadh', 12),
(1270, 'Vyara', 12),
(1271, 'Fort Songadh', 12),
(1272, 'Nijhar', 12),
(1273, 'Nizar', 12),
(1274, 'Uchchhal', 12),
(1275, 'Velachha', 12),
(1276, 'Umarpada', 12),
(1277, 'Vankal', 12),
(1278, 'Zankhvav', 12),
(1279, 'Variav', 12),
(1280, 'Ahwa', 12),
(1281, 'Dang', 12),
(1282, 'Dangs', 12),
(1283, 'The Dangs', 12),
(1284, 'Valsad', 12),
(1285, 'Dharampur', 12),
(1286, 'Hanuman Bhagda', 12),
(1287, 'Chikhli', 12),
(1288, 'Bansda', 12),
(1289, 'Vansda', 12),
(1290, 'Kaprada', 12),
(1291, 'Umargam', 12),
(1292, 'Umbergaon', 12),
(1293, 'Gandevi', 12),
(1294, 'Pardi', 12),
(1295, 'Umargarm', 12),
(1296, 'Dadra & Nagar Haveli', 12),
(1297, 'Dungri', 12),
(1298, 'Jalalpore', 12),
(1299, 'Jalalporre', 12),
(1300, 'Mumbai', 22),
(1301, 'Bandra', 22),
(1302, 'Jogeshwari East', 22),
(1303, 'Goregaon', 22),
(1304, 'Goregaon East', 22),
(1305, 'Malad West', 22),
(1306, 'Borivali East', 22),
(1307, 'Borivlai East', 22),
(1308, 'Kandivali West', 22),
(1309, 'Kandivlai West', 22),
(1310, 'Dahisar East', 22),
(1311, 'Dahisar West', 22),
(1312, 'Borivali West', 22),
(1313, 'Malad East', 22),
(1314, 'Kandivali East', 22),
(1315, 'Jogeshwari West', 22),
(1316, 'Goregaon West', 22),
(1317, 'Thane', 22),
(1318, 'Navi Mumbai', 22),
(1319, 'Rabale', 22),
(1320, 'Uran', 22),
(1321, 'Digha', 22),
(1322, 'Bhayander', 22),
(1323, 'Mokhada', 22),
(1324, 'Palghar', 22),
(1325, 'Dahanu', 22),
(1326, 'Mira Road', 22),
(1327, 'Vasai', 22),
(1328, 'Bassein', 22),
(1329, 'Bhiwandi', 22),
(1330, 'Vada', 22),
(1331, 'Gokhivare', 22),
(1332, 'Vikramgad', 22),
(1333, 'Talasari', 22),
(1334, 'Jawhar', 22),
(1335, 'Mhasla', 22),
(1336, 'Mahad', 22),
(1337, 'Mangaon', 22),
(1338, 'Raigad', 22),
(1339, 'Roha', 22),
(1340, 'Pen', 22),
(1341, 'Alibag', 22),
(1342, 'Murud', 22),
(1343, 'Shrivardhan', 22),
(1344, 'Shriwardhan', 22),
(1345, 'Tala', 22),
(1346, 'Poladpur', 22),
(1347, 'Nandgaon', 22),
(1348, 'Karjat', 22),
(1349, 'Panvel', 22),
(1350, 'Khalapur', 22),
(1351, 'Khopoli', 22),
(1352, 'Sudhagad', 22),
(1353, 'Kamothe', 22),
(1354, 'Kalamboli', 22),
(1355, 'Maval', 22),
(1356, 'Mawal', 22),
(1357, 'Pune', 22),
(1358, 'Khed', 22),
(1359, 'Junnar', 22),
(1360, 'Ambegaon', 22),
(1361, 'Shirur', 22),
(1362, 'Mulshi', 22),
(1363, 'Pune City', 22),
(1364, 'Haveli', 22),
(1365, 'Mulashi', 22),
(1366, 'Baramati', 22),
(1367, 'Purandar', 22),
(1368, 'Velhe', 22),
(1369, 'Daund', 22),
(1370, 'Bhor', 22),
(1371, 'Purandhar', 22),
(1372, 'Khandala', 22),
(1373, 'Shiurur', 22),
(1374, 'Shirwal S.O', 22),
(1375, 'Kanandala Bawada', 22),
(1376, 'Kandala Bawada', 22),
(1377, 'Khandala Bawada', 22),
(1378, 'Khandala Bawada.', 22),
(1379, 'Khandalabavada', 22),
(1380, 'Khandalabawada', 22),
(1381, 'Wai', 22),
(1382, 'Jawali', 22),
(1383, 'Mahabaleshwar', 22),
(1384, 'Mahabaleshawar', 22),
(1385, 'Mahabaleshwr', 22),
(1386, 'Solapur North', 22),
(1387, 'N.Solapur', 22),
(1388, 'North Solapur', 22),
(1389, 'Solapur South', 22),
(1390, 'Nort Solapur', 22),
(1391, 'Solapur', 22),
(1392, 'Madha', 22),
(1393, 'Malshiras', 22),
(1394, 'Pandharpur', 22),
(1395, 'Indapur', 22),
(1396, 'Malsiras', 22),
(1397, 'Malshira', 22),
(1398, 'Malsras', 22),
(1399, 'Sholapur', 22),
(1400, 'Ahmednagar', 22),
(1401, 'Jamkhed', 22),
(1402, 'Karmala', 22),
(1403, 'Karmalaa', 22),
(1404, 'Patoda', 22),
(1405, 'Mahda', 22),
(1406, 'Mhol', 22),
(1407, 'Mohol', 22),
(1408, 'South Solapur', 22),
(1409, 'Akkaikot', 22),
(1410, 'Akkalkot', 22),
(1411, 'Barshi', 22),
(1412, 'S.Solapur', 22),
(1413, 'Bid', 22),
(1414, 'Shirur (Kasar)', 22),
(1415, 'Shirur K', 22),
(1416, 'Pamdharpur', 22),
(1417, 'Mangalvedha', 22),
(1418, 'Mangalvedhe', 22),
(1419, 'Sangola', 22),
(1420, 'Sngola', 22),
(1421, 'Sangole', 22),
(1422, 'Snagola', 22),
(1423, 'Sangli', 22),
(1424, 'Mangalwedha', 22),
(1425, 'Osmanabad', 22),
(1426, 'Paranda', 22),
(1427, 'Vashi', 22),
(1428, 'Washi', 22),
(1429, 'Bhoom', 22),
(1430, 'Kallam', 22),
(1431, 'Latur', 22),
(1432, 'Kalamb', 22),
(1433, 'Ahmadpur', 22),
(1434, 'Chakur', 22),
(1435, 'Ahmedpur', 22),
(1436, 'Ahmedpuer', 22),
(1437, 'Ausa', 22),
(1438, 'Shirur-Anantpal', 22),
(1439, 'Udgir', 22),
(1440, 'Deoni', 22),
(1441, 'Nilanga', 22),
(1442, 'Renapur', 22),
(1443, 'Jalkot', 22),
(1444, 'Shirur Anantpal', 22),
(1445, 'Tuljapur', 22),
(1446, 'Umarga', 22),
(1447, 'Omerga', 22),
(1448, 'Lohara', 22),
(1449, 'Shrigonda', 22),
(1450, 'Rahuri', 22),
(1451, 'Rahata', 22),
(1452, 'Kopargaon', 22),
(1453, 'Shrirampur', 22),
(1454, 'Sangamner', 22),
(1455, 'Pathardi', 22),
(1456, 'Parner', 22),
(1457, 'Newasa', 22),
(1458, 'Ashti', 22),
(1459, 'Beed', 22),
(1460, 'Shirur K.', 22),
(1461, 'Shevgaon', 22),
(1462, 'Satara', 22),
(1463, 'Koregaon', 22),
(1464, 'Karad', 22),
(1465, 'Patan', 22),
(1466, 'Satara.Satara', 22),
(1467, 'Kahatav', 22),
(1468, 'Man (Dahiwadi)', 22),
(1469, 'Shahuwadi', 22),
(1470, 'Khatav', 22),
(1471, 'Karad.', 22),
(1472, 'Ratnagiri', 22),
(1473, 'Mandangad', 22),
(1474, 'Dapoli', 22),
(1475, 'Atpadi', 22),
(1476, 'Valva', 22),
(1477, 'Walva', 22),
(1478, 'Kadegaon', 22),
(1479, 'Palus', 22),
(1480, 'Kahanapur', 22),
(1481, 'Khanapur', 22),
(1482, 'Khnapur', 22),
(1483, 'Kahanpur', 22),
(1484, 'Shirala', 22),
(1485, 'Shiala', 22),
(1486, 'Satara Koregaon', 22),
(1487, 'Man', 22),
(1488, 'Man(Dahivadi)', 22),
(1489, 'Jawoli', 22),
(1490, 'Patan.', 22),
(1491, 'Phaltan', 22),
(1492, 'Kahandala Bawada', 22),
(1493, 'Kahandala Bawda', 22),
(1494, 'Phalatan', 22),
(1495, 'Aurangabad', 22),
(1496, 'Chiplun', 22),
(1497, 'Sangmeshwar', 22),
(1498, 'Snagmeshwar', 22),
(1499, 'Sanmeshwar', 22),
(1500, 'Guhagar', 22),
(1501, 'Khed (Rtg)', 22),
(1502, 'Lanja', 22),
(1503, 'Rajapur', 22),
(1504, 'Javali', 22),
(1505, 'Karveer', 22),
(1506, 'Karveern', 22),
(1507, 'Karvir', 22),
(1508, 'Radhanagari', 22),
(1509, 'Hatkanangle', 22),
(1510, 'Hatkanangale', 22),
(1511, 'Shirol', 22),
(1512, 'Hatkanagale', 22),
(1513, 'Panhala', 22),
(1514, 'Kolhapur', 22),
(1515, 'Gaganbavada', 22),
(1516, 'Kagal', 22),
(1517, 'Bhudargad', 22),
(1518, 'Ajara', 22),
(1519, 'Ajra', 22),
(1520, 'Gadhinglaj', 22),
(1521, 'Miraj', 22),
(1522, 'Tasgaon', 22),
(1523, 'Jat', 22),
(1524, 'Jath', 22),
(1525, 'Kavathe Mahankal', 22),
(1526, 'Kavthe Mahankal', 22),
(1527, 'K Mahankal', 22),
(1528, 'K Mhankal', 22),
(1529, 'K. Mahankal', 22),
(1530, 'Chandgad', 22),
(1531, 'Sawantwadi', 22),
(1532, 'Sawanwtadi', 22),
(1533, 'Dodamarg', 22),
(1534, 'Vengurla', 22),
(1535, 'Kudal', 22),
(1536, 'Sindhudurgkudal', 22),
(1537, 'Oras', 22),
(1538, 'Malvan', 22),
(1539, 'Devgad', 22),
(1540, 'Kankavli', 22),
(1541, 'Malwan', 22),
(1542, 'Malvsn', 22),
(1543, 'Sindhudurg', 22),
(1544, 'Kanakvli', 22),
(1545, 'Kankal I', 22),
(1546, 'Kankalvi', 22),
(1547, 'Kankavi', 22),
(1548, 'Vaibhavwadi', 22),
(1549, 'Kalyan', 22),
(1550, 'Ulhasnagar', 22),
(1551, 'Ambarnath', 22),
(1552, 'Wada', 22),
(1553, 'Wade', 22),
(1554, 'Murbad', 22),
(1555, 'Shahapur', 22),
(1556, 'Badlapur', 22),
(1557, 'Nasik', 22),
(1558, 'Dindori', 22),
(1559, 'Niphad', 22),
(1560, 'Surgana', 22),
(1561, 'Peint', 22),
(1562, 'Sinnar', 22),
(1563, 'Trimabakeshwar', 22),
(1564, 'Peth', 22),
(1565, 'Chandwad', 22),
(1566, 'Kalwan', 22),
(1567, 'Igatpuri', 22),
(1568, 'Akole', 22),
(1569, 'Deola', 22),
(1570, 'Malegaon', 22),
(1571, 'Yeola', 22),
(1572, 'Satana', 22),
(1573, 'Jalgaon', 22),
(1574, 'Vaijapur', 22),
(1575, 'Gangapur', 22),
(1576, 'Dhule', 22),
(1577, 'Chalisgaon', 22),
(1578, 'Bhadgaon', 22),
(1579, 'Pachora', 22),
(1580, 'Chalisgoan', 22),
(1581, 'Jalgoan', 22),
(1582, 'Sakri', 22),
(1583, 'Shindkheda', 22),
(1584, 'Dharangaon', 22),
(1585, 'Dharagaon', 22),
(1586, 'Erandol', 22),
(1587, 'Parola', 22),
(1588, 'Bhusawal', 22),
(1589, 'Yawal', 22),
(1590, 'Chopda', 22),
(1591, 'Muktainagar', 22),
(1592, 'Bodwad', 22),
(1593, 'Raver', 22),
(1594, 'Muktai Nagar', 22),
(1595, 'Amalner', 22),
(1596, 'Shirpur', 22),
(1597, 'Shahada', 22),
(1598, 'Nandurbar', 22),
(1599, 'Taloda', 22),
(1600, 'Dhadgaon', 22),
(1601, 'Akkalkuwa', 22),
(1602, 'Navapur', 22),
(1603, 'Phulumbri', 22),
(1604, 'Khuldabad', 22),
(1605, 'Kannad', 22),
(1606, 'Paithan', 22),
(1607, 'Ambad', 22),
(1608, 'Phulambri', 22),
(1609, 'Sillod', 22),
(1610, 'Bhokardan', 22),
(1611, 'Bholardan', 22),
(1612, 'Bhorkardan', 22),
(1613, 'Valijapur', 22),
(1614, 'Soegaon', 22),
(1615, 'Kaij', 22),
(1616, 'Dharur', 22),
(1617, 'K Dharur', 22),
(1618, 'Kille Dahrur', 22),
(1619, 'Kille Dharur', 22),
(1620, 'Wadwani', 22),
(1621, 'Georai', 22),
(1622, 'Gevrai', 22),
(1623, 'Majalgaon', 22),
(1624, 'Majalgoan', 22),
(1625, 'Manjlegaon', 22),
(1626, 'Majalgaon S.O.', 22),
(1627, 'Badnapur', 22),
(1628, 'Badnapura', 22),
(1629, 'Jalna', 22),
(1630, 'Jaffrabad', 22),
(1631, 'Ghansawangi', 22),
(1632, 'Ghanwangi', 22),
(1633, 'Parbhani', 22),
(1634, 'Purna', 22),
(1635, 'Basmath', 22),
(1636, 'Mantha', 22),
(1637, 'Partur', 22),
(1638, 'Sailu', 22),
(1639, 'Manwath', 22),
(1640, 'Pathri', 22),
(1641, 'Jintur', 22),
(1642, 'Aundha Nagnath', 22),
(1643, 'Basmathnagar', 22),
(1644, 'Hingoli', 22),
(1645, 'Gangakhed', 22),
(1646, 'Parli', 22),
(1647, 'Parli Vaij.', 22),
(1648, 'Parli Vaijinath', 22),
(1649, 'Parlivaij', 22),
(1650, 'Sonpeth', 22),
(1651, 'Ambajgoai', 22),
(1652, 'Ambajogai', 22),
(1653, 'Ambejogai', 22),
(1654, 'Parli Vai.J', 22),
(1655, 'Palam', 22),
(1656, 'Sengaon', 22),
(1657, 'Bhokar', 22),
(1658, 'Nanded', 22),
(1659, 'Loha', 22),
(1660, 'Naigaon', 22),
(1661, 'Himayatnagar', 22),
(1662, 'Kalamnuri', 22),
(1663, 'Ardhapur', 22),
(1664, 'Biloi', 22),
(1665, 'Biloli', 22),
(1666, 'Hadgaon', 22),
(1667, 'Kandahr', 22),
(1668, 'Kandhar', 22),
(1669, 'Mukhed', 22),
(1670, 'Degloor', 22),
(1671, 'Mahore', 22),
(1672, 'Kandhr', 22),
(1673, 'Mudkhed', 22),
(1674, 'Bvhokar', 22),
(1675, 'Kinwat', 22),
(1676, 'Umari', 22),
(1677, 'Dharmabad', 22),
(1678, 'Kiwat', 22),
(1679, 'Nagpur', 22),
(1680, 'Nagpur (Urban)', 22),
(1681, 'Hingna', 22),
(1682, 'Kamthi', 22),
(1683, 'Kamptee', 22),
(1684, 'Saoner', 22),
(1685, 'Savner', 22),
(1686, 'Parsioni', 22),
(1687, 'Katol', 22),
(1688, 'Mauda', 22),
(1689, 'Mouda', 22),
(1690, 'Parseoni', 22),
(1691, 'Ramtek', 22),
(1692, 'Kalameshwar', 22),
(1693, 'Nagpur (Rural)', 22),
(1694, 'Bhiwapur', 22),
(1695, 'Kuhi', 22),
(1696, 'Umred', 22),
(1697, 'Umrer', 22),
(1698, 'Chandrapur', 22),
(1699, 'Nabhid', 22),
(1700, 'Nagbhid', 22),
(1701, 'Bramhapuri', 22),
(1702, 'Nagbhir', 22),
(1703, 'Desaiganj', 22),
(1704, 'Armori', 22),
(1705, 'Korchi', 22),
(1706, 'Kurkheda', 22),
(1707, 'Mul', 22),
(1708, 'Saoli', 22),
(1709, 'Sindewahi', 22),
(1710, 'Nagbhri', 22),
(1711, 'Narbhir', 22),
(1712, 'Gondpipri', 22),
(1713, 'Narkhed', 22),
(1714, 'Narkher', 22),
(1715, 'Mansar', 22),
(1716, 'Kalmeshwar', 22),
(1717, 'Nagpur Rural', 22),
(1718, 'Gondia', 22),
(1719, 'Gondiya', 22),
(1720, 'Bhandara', 22),
(1721, 'Arjuni Morgaon', 22),
(1722, 'Sakoli', 22),
(1723, 'Lakhandur', 22),
(1724, 'Lakhani', 22),
(1725, 'Lakhni', 22),
(1726, 'Sadak Arjuni', 22),
(1727, 'Sadak-Arjuni', 22),
(1728, 'Deori', 22),
(1729, 'Amgaon', 22),
(1730, 'Amgoan', 22),
(1731, 'Pauni', 22),
(1732, 'Mohadi', 22),
(1733, 'Bhandarra', 22),
(1734, 'Tumsar', 22),
(1735, 'Tirora', 22),
(1736, 'Salekasa', 22),
(1737, 'Seloo', 22),
(1738, 'Wardha', 22),
(1739, 'Deoli', 22),
(1740, 'Samudrapur', 22),
(1741, 'Samudraupr', 22),
(1742, 'Arvi', 22),
(1743, 'Karanja', 22),
(1744, 'Hinganghat', 22),
(1745, 'Hinganghjat', 22),
(1746, 'Dhamangaon Railway', 22),
(1747, 'Chandrapur Ho', 22),
(1748, 'Bhadrawati', 22),
(1749, 'Sironcha', 22),
(1750, 'Ballarpur', 22),
(1751, 'Chamorshi', 22),
(1752, 'Chamroshid', 22),
(1753, 'Gadchiroli', 22),
(1754, 'Sawali', 22),
(1755, 'Dhanora', 22),
(1756, 'Gondipipri', 22),
(1757, 'Aheri', 22),
(1758, 'Etapalli', 22),
(1759, 'Ettapalli', 22),
(1760, 'Chamorhsi', 22),
(1761, 'Mulchera', 22),
(1762, 'Bhamragadh', 22),
(1763, 'Chimur', 22),
(1764, 'Chimur Bo', 22),
(1765, 'Rajura', 22),
(1766, 'Warora', 22),
(1767, 'Chandur', 22),
(1768, 'Jiwati', 22),
(1769, 'Korpana', 22),
(1770, 'Korphana', 22),
(1771, 'Pombhurna', 22),
(1772, 'Buldana', 22),
(1773, 'Budlana', 22),
(1774, 'Buldhana', 22),
(1775, 'Chikhli', 22),
(1776, 'Malkapur', 22),
(1777, 'Motala', 22),
(1778, 'Sangrampur', 22),
(1779, 'Nandura', 22),
(1780, 'Deulgaon Raja', 22),
(1781, 'Dulgaon Raja', 22),
(1782, 'Lonar', 22),
(1783, 'Mehkar', 22),
(1784, 'Sindkhed Raja', 22),
(1785, 'Deulgaon Mahi', 22),
(1786, 'Loanr', 22),
(1787, 'Sinkhed Raja', 22),
(1788, 'Jalgaon (Jamod)', 22),
(1789, 'Khamgaon', 22),
(1790, 'Khamgoan', 22),
(1791, 'Nanadura', 22),
(1792, 'Shegaon', 22),
(1793, 'Akola', 22),
(1794, 'Washim', 22),
(1795, 'Akot', 22),
(1796, 'Telhara', 22),
(1797, 'Murtijapur', 22),
(1798, 'Balapur', 22),
(1799, 'Shegan', 22),
(1800, 'Sonala', 22),
(1801, 'Chikhali', 22),
(1802, 'Kahmgaon', 22),
(1803, 'Barshitakli', 22),
(1804, 'Mangrulpir', 22),
(1805, 'Amaravati', 22),
(1806, 'Amravati', 22),
(1807, 'Dharni', 22),
(1808, 'Chandur Bazar', 22),
(1809, 'Morshi', 22),
(1810, 'Anjangaon', 22),
(1811, 'Daryapu', 22),
(1812, 'Daryapur', 22),
(1813, 'Bhatkuli', 22),
(1814, 'Nandgaon Khandeshwar', 22),
(1815, 'Chandur Rly', 22),
(1816, 'Dhamangaon', 22),
(1817, 'Dhamangaon R.S.', 22),
(1818, 'Dhamangaon Rly', 22),
(1819, 'Achalpur City', 22),
(1820, 'Paratwada', 22),
(1821, 'Chikhaldara', 22),
(1822, 'Teosa', 22),
(1823, 'Tiosa', 22),
(1824, 'Chandur Railway', 22),
(1825, 'Chandur Raiway', 22),
(1826, 'Chandur Rly.', 22),
(1827, 'Warud', 22),
(1828, 'Yavatmal', 22),
(1829, 'Babhulgaon', 22),
(1830, 'Yeotamal', 22),
(1831, 'Ner Parsopant', 22),
(1832, 'Ner Persopant', 22),
(1833, 'Nr Persopant', 22),
(1834, 'Arni', 22),
(1835, 'Darwha', 22),
(1836, 'Ghatanji', 22),
(1837, 'Digras', 22),
(1838, 'Mahagaon', 22),
(1839, 'Pusad', 22),
(1840, 'Umarkhed', 22),
(1841, 'Umerkhed', 22),
(1842, 'Nerparsopant', 22),
(1843, 'Kalapur', 22),
(1844, 'Kelapur', 22),
(1845, 'Zari Jamni', 22),
(1846, 'Maregaon', 22),
(1847, 'Wani', 22),
(1848, 'Jhari Jamni', 22),
(1849, 'Ralegaon', 22),
(1850, 'Ralegoan', 22),
(1851, 'Rlegaon', 22),
(1852, 'North Goa', 11),
(1853, 'Tiswaddi', 11),
(1854, 'Tiswadi', 11),
(1855, 'Bardez', 11),
(1856, 'Ponda', 11),
(1857, 'Sattari', 11),
(1858, 'Sanquelim', 11),
(1859, 'Panaji', 11),
(1860, 'Queula', 11),
(1861, 'Quepem', 11),
(1862, 'Sanguem', 11),
(1863, 'Bicholim', 11),
(1864, 'Pernem', 11),
(1865, 'Salcete', 11),
(1866, 'Salcette', 11),
(1867, 'Margao', 11),
(1868, 'Canacona', 11),
(1869, 'Cancona', 11),
(1870, 'Sangaum', 11),
(1871, 'Curchorem', 11),
(1872, 'Marmugao', 11),
(1873, 'Mormugao', 11),
(1874, 'Salcate', 11),
(1875, 'Salsate', 11),
(1876, 'South Goa', 11),
(1877, 'Durg', 7),
(1878, 'Dhamdha', 7),
(1879, 'Patan', 7),
(1880, 'Patah', 7),
(1881, 'Gunderdehi', 7),
(1882, 'Balod', 7),
(1883, 'Sanjaribalod', 7),
(1884, 'Gurur', 7),
(1885, 'Dondi', 7),
(1886, 'Dondi Awari', 7),
(1887, 'Manpur', 7),
(1888, 'Berla', 7),
(1889, 'Bemetara', 7),
(1890, 'Kawardha', 7),
(1891, 'Nawgarh', 7),
(1892, 'Saja', 7),
(1893, 'Nandghat', 7),
(1894, 'Dongargaon', 7),
(1895, 'Khairagarh', 7),
(1896, 'Rajnandgaon', 7),
(1897, 'Dongargarh', 7),
(1898, 'Chhuria', 7),
(1899, 'Pandaria', 7),
(1900, 'Ambagarh Chowki', 7),
(1901, 'Mohla', 7),
(1902, 'Ambagarh', 7),
(1903, 'Dondi Lohara', 7),
(1904, 'Khairagarh Raj', 7),
(1905, 'Chhuikhadan', 7),
(1906, 'Gandai Pandaria', 7),
(1907, 'Raipur', 7),
(1908, 'Mana Camp', 7),
(1909, 'Dharsiwa', 7),
(1910, 'Mandir Hasod', 7),
(1911, 'Bindranawagarh', 7),
(1912, 'Chhura', 7),
(1913, 'Panduka', 7),
(1914, 'Basna', 7),
(1915, 'Mahasamund', 7),
(1916, 'Sankra', 7),
(1917, 'Simga', 7),
(1918, 'Manddar Cement Factory', 7),
(1919, 'Hathband', 7),
(1920, 'Neora', 7),
(1921, 'Baikunth', 7),
(1922, 'Bhatapara', 7),
(1923, 'Hirmi', 7),
(1924, 'Grasim Vihar Rawan', 7),
(1925, 'Birgaon', 7),
(1926, 'Bhatgaon', 7),
(1927, 'Bilaigarh', 7),
(1928, 'Arang', 7),
(1929, 'Kharora', 7),
(1930, 'Tilda', 7),
(1931, 'Pallari', 7),
(1932, 'Watgan', 7),
(1933, 'Baloda Bazar', 7),
(1934, 'Rawan', 7),
(1935, 'Kasdol', 7),
(1936, 'Katgi', 7),
(1937, 'Bagbahra', 7),
(1938, 'Lawan', 7),
(1939, 'Pithora', 7),
(1940, 'Jagdishpur', 7),
(1941, 'Saraipali', 7),
(1942, 'Sarsiwa', 7),
(1943, 'Abhanpur', 7),
(1944, 'Kurud', 7),
(1945, 'Dhamtari', 7),
(1946, 'Rudri', 7),
(1947, 'Nagri', 7),
(1948, 'Rajim', 7),
(1949, 'Phingeshwar', 7),
(1950, 'Gariaband', 7),
(1951, 'Deobhog', 7),
(1952, 'Bastar', 7),
(1953, 'Jagdalpur', 7),
(1954, 'Konta', 7),
(1955, 'Kondagaon', 7),
(1956, 'Keshkal', 7),
(1957, 'Kanker', 7),
(1958, 'Narharpur', 7),
(1959, 'Charama', 7),
(1960, 'Dantewada', 7),
(1961, 'Bijapur', 7),
(1962, 'Bhopalpatnam', 7),
(1963, 'Bhairamgarh', 7),
(1964, 'Bhanupratappur', 7),
(1965, 'Narayanpur', 7),
(1966, 'Antagarh', 7),
(1967, 'Pakhanjore', 7),
(1968, 'Bilaspur', 7),
(1969, 'Akaltara', 7),
(1970, 'Seepat', 7),
(1971, 'Koni', 7),
(1972, 'Ganiyari', 7),
(1973, 'Takhatpur', 7),
(1974, 'Kargi Road', 7),
(1975, 'Lormi', 7),
(1976, 'Belgahana', 7),
(1977, 'Belgahna', 7),
(1978, 'Pendra Road', 7),
(1979, 'Marwahi', 7),
(1980, 'Pendra', 7),
(1981, 'Bilha', 7),
(1982, 'Chakarbhata Camp', 7),
(1983, 'Hirri Mines', 7),
(1984, 'Mungeli', 7),
(1985, 'Patharia', 7),
(1986, 'Ratanpur', 7),
(1987, 'Katghora', 7),
(1988, 'Hardibazar', 7),
(1989, 'Korba', 7),
(1990, 'Bankimongra', 7),
(1991, 'Machadoli', 7),
(1992, 'Pali', 7),
(1993, 'Jamnipali', 7),
(1994, 'Kusmunda', 7),
(1995, 'Jairamnagar', 7),
(1996, 'Masturi', 7),
(1997, 'Dabhra', 7),
(1998, 'Janjgir', 7),
(1999, 'Nariyara', 7),
(2000, 'Pamgarh', 7),
(2001, 'Kharod', 7),
(2002, 'Seorinarayan', 7),
(2003, 'Janjgir-Champa', 7),
(2004, 'Baloda', 7),
(2005, 'Champa', 7),
(2006, 'Bamhni Bazar', 7),
(2007, 'Birra', 7),
(2008, 'Gopalnagar', 7),
(2009, 'Bhaisma', 7),
(2010, 'Manikpur', 7),
(2011, 'Rajgamar', 7),
(2012, 'Balconagar', 7),
(2013, 'Chamba', 7),
(2014, 'Baradwar', 7),
(2015, 'Sakti', 7),
(2016, 'Jaijaipur', 7),
(2017, 'Malkharoda', 7),
(2018, 'Chandrapur', 7),
(2019, 'Adbhar', 7),
(2020, 'Raigarh', 7),
(2021, 'Tamnar', 7),
(2022, 'Gharghoda', 7),
(2023, 'Dharmajaigarh', 7),
(2024, 'Udaipur (Dharamjaigarh)', 7),
(2025, 'Jashpur', 7),
(2026, 'Pathalgaon', 7),
(2027, 'Jashpurnagar', 7),
(2028, 'Bagicha', 7),
(2029, 'Kunkuri', 7),
(2030, 'Sarangarh', 7),
(2031, 'Saria', 7),
(2032, 'Kharsia', 7),
(2033, 'Ambikapur', 7),
(2034, 'Rajpur', 7),
(2035, 'Surguja', 7),
(2036, 'Sitapur', 7),
(2037, 'Lakhanpur', 7),
(2038, 'Pratappur', 7),
(2039, 'Kusmi', 7),
(2040, 'Surajpur', 7),
(2041, 'Baikunthapur', 7),
(2042, 'Koriya', 7),
(2043, 'Manendragarh', 7),
(2044, 'Chirimiri', 7),
(2045, 'Janakpur', 7),
(2046, 'Hyderabad', 2),
(2047, 'Nampally', 2),
(2048, 'Charminar', 2),
(2049, 'Secunderabad', 2),
(2050, 'Himayathnagar', 2),
(2051, 'Khairatabad', 2),
(2052, 'Bandlaguda', 2),
(2053, 'Saroornagar', 2),
(2054, 'Asifnagar', 2),
(2055, 'Golconda', 2),
(2056, 'Rajendranagar', 2),
(2057, 'Tirumalagiri', 2),
(2058, 'Malkagiri Manda', 2),
(2059, 'Amberpet', 2),
(2060, 'Rangareddy', 2),
(2061, 'Ameerpet', 2),
(2062, 'Balanagar', 2),
(2063, 'Serilingampally', 2),
(2064, 'Musheerabad', 2),
(2065, 'Saidabad', 2),
(2066, 'Seri Lingampally', 2),
(2067, 'Shaikpet', 2),
(2068, 'Uppal', 2),
(2069, 'Hyd', 2),
(2070, 'Bahadurpura', 2),
(2071, 'Hayathnagar', 2),
(2072, 'Moinabad', 2),
(2073, 'Rajendra Nagar', 2),
(2074, 'Shankarpally', 2),
(2075, 'Shameerpet', 2),
(2076, 'Shamirpet', 2),
(2077, 'Ghatkesar', 2),
(2078, 'Hyderabad City', 2),
(2079, 'Qutubullapur', 2),
(2080, 'Quthbullapur Mandal', 2),
(2081, 'Shamirpet Mandal', 2),
(2082, 'Ranga Reddy', 2),
(2083, 'Vikarabad', 2),
(2084, 'R', 2),
(2085, 'Nawabpet', 2),
(2086, 'Tandur', 2),
(2087, 'Rr.', 2),
(2088, 'Agnoor', 2),
(2089, 'Shamshabad', 2),
(2090, 'Medchal', 2),
(2091, 'Shabad', 2),
(2092, 'Hyderabad South East', 2),
(2093, 'Ibrahimpatnam', 2),
(2094, 'Maheswaram', 2),
(2095, 'Ainapur', 2),
(2096, 'Sangareddy', 2),
(2097, 'Ramachandrapuram', 2),
(2098, 'Medak', 2),
(2099, 'Siddipet', 2),
(2100, 'Dubbak', 2),
(2101, 'Zaheerabad', 2),
(2102, 'Zahirabad', 2),
(2103, 'Alladurg', 2),
(2104, 'Jogipet', 2),
(2105, 'Shankarampet (A)', 2),
(2106, 'Andole', 2),
(2107, 'Gujvail', 2),
(2108, 'Narayankhed', 2),
(2109, 'Sadasivpet', 2),
(2110, 'Patancheru', 2),
(2111, 'Papannapet', 2),
(2112, 'Narsapur', 2),
(2113, 'R.C.Puram', 2),
(2114, 'Nizamabad', 36),
(2115, 'Bhiknoor', 2),
(2116, 'Kamareddy', 2),
(2117, 'Lingampet', 2),
(2118, 'Machareddy', 2),
(2119, 'Palwancha', 2),
(2120, 'Yellareddy', 2),
(2121, 'Armoor', 2),
(2122, 'Dichpalle', 2),
(2123, 'Dharpalle', 2),
(2124, 'Bodhan', 2),
(2125, 'Banswada', 2),
(2126, 'Bichkunda', 2),
(2127, 'Varni', 2),
(2128, 'Yedpalle', 2),
(2129, 'Armur', 2),
(2130, 'Bardipur', 2),
(2131, 'Bheemgal', 2),
(2132, 'Madnoor', 2),
(2133, 'Adilabad', 36),
(2134, 'Bela', 2),
(2135, 'Mudhole', 2),
(2136, 'Bhainsa', 2),
(2137, 'Kubeer', 2),
(2138, 'Lokeswaram', 2),
(2139, 'Nirmal', 2),
(2140, 'Chennoor', 2),
(2141, 'Chennur', 2),
(2142, 'Kaddam (Peddur)', 2),
(2143, 'Khanapur', 2),
(2144, 'Luxettipet', 2),
(2145, 'Mancherial', 2),
(2146, 'Mandamarri', 2),
(2147, 'Bellampalle', 2),
(2148, 'Asifabad', 2),
(2149, 'Sirpur (T)', 2),
(2150, 'Kerameri', 2),
(2151, 'Bejjur', 2),
(2152, 'Kagaznagar', 2),
(2153, 'Sirpur(T)', 2),
(2154, 'Tiryani', 2),
(2155, 'Boath', 2),
(2156, 'Bazarhathnoor', 2),
(2157, 'Utnoor', 2),
(2158, 'Jainad', 2),
(2159, 'Narnoor', 2),
(2160, 'Sirpur', 2),
(2161, 'Tamsi', 2),
(2162, 'Jainoor', 2),
(2163, 'Neradigonda', 2),
(2164, 'Karimnagar', 36),
(2165, 'Peddapalli', 2),
(2166, 'Huzurabad', 2),
(2167, 'Jammikunta', 2),
(2168, 'Srirampur', 2),
(2169, 'Peddapalle', 2),
(2170, 'Manthani', 2),
(2171, 'Sultanabad', 2),
(2172, 'Ramagundam', 36),
(2173, 'Kamanpur', 2),
(2174, 'Konaraopet', 2),
(2175, 'Sircilla', 2),
(2176, 'Sirsilla', 2),
(2177, 'Yellareddipet', 2),
(2178, 'Boenpalli', 2),
(2179, 'Vemulawada', 2),
(2180, 'Kishandaspet', 2),
(2181, 'Mustabad', 2),
(2182, 'Yellareddypet', 2),
(2183, 'Gambhiraopet', 2),
(2184, 'Kathalapur', 2),
(2185, 'Medpalli', 2),
(2186, 'Chandurthi', 2),
(2187, 'Chendurthi', 2),
(2188, 'Nizamabad Division', 2),
(2189, 'Koratal', 2),
(2190, 'Metpalle', 2),
(2191, 'Metpalli', 2),
(2192, 'Koratla', 2),
(2193, 'Jagtial', 36),
(2194, 'Mallapur', 2),
(2195, 'Ellanthakunta', 2),
(2196, 'Ellanthkunta', 2),
(2197, 'Chendurthy', 2),
(2198, 'Bandankal', 2),
(2199, 'Choppadandi', 2),
(2200, 'Jullapalli', 2),
(2201, 'Pegadapalli', 2),
(2202, 'Dharmaram', 2),
(2203, 'Dharmapuri', 2),
(2204, 'Gangadhara', 2),
(2205, 'Ramadugu', 2),
(2206, 'Mallial', 2),
(2207, 'Medapalli', 2),
(2208, 'Sarangapur', 2),
(2209, 'Raikal', 2),
(2210, 'Husnabad', 2),
(2211, 'Chigurumamidi', 2),
(2212, 'Hunsabad', 2),
(2213, 'Koheda', 2),
(2214, 'Manakondur', 2),
(2215, 'Thimmapur', 2),
(2216, 'Shankarapatnam', 2),
(2217, 'Bheemadevarpalle', 2),
(2218, 'Saidapur', 2),
(2219, 'Bejjanki', 2),
(2220, 'Kodimial', 2),
(2221, 'Veenavanka', 2),
(2222, 'Kataram', 2),
(2223, 'Boenpali', 2),
(2224, 'Julapalle', 2),
(2225, 'Velgatur', 2),
(2226, 'Gollapalli', 2),
(2227, 'Jangaon', 2),
(2228, 'East Godavari', 2),
(2229, 'Hanamkonda', 2),
(2230, 'Warangal', 36),
(2231, 'Dharmasagar', 2),
(2232, 'Zaffargaddh', 2),
(2233, 'Sangam', 2),
(2234, 'Wardhannapet', 2),
(2235, 'Atmakur', 2),
(2236, 'Atmakur Mandall', 2),
(2237, 'Geesugonda Mandal', 2),
(2238, 'Geesungonda Mandal', 2),
(2239, 'Hanamkonda Mandal', 2),
(2240, 'Hasanparthy', 2),
(2241, 'Hasnparthy', 2),
(2242, 'Mahabubabad', 2),
(2243, 'Mah\'Bad', 2),
(2244, 'Neerada', 2),
(2245, 'Kuravi', 2),
(2246, 'Kesamudram', 2),
(2247, 'Nekkonda', 2),
(2248, 'Narsampet', 2),
(2249, 'Gudur', 2),
(2250, 'Kothaguda', 2),
(2251, 'Ghanpur Station', 2),
(2252, 'Ghanpur Stn', 2),
(2253, 'Zafargadah', 2),
(2254, 'Zafargaddah', 2),
(2255, 'Zafargadh', 2),
(2256, 'Ghanpur (Station)', 2),
(2257, 'Narmitta', 2),
(2258, 'Turrrur', 2),
(2259, 'Turrur', 2),
(2260, 'Parkal', 2),
(2261, 'Eturnagaram', 2),
(2262, 'Eturunagaram', 2),
(2263, 'Venkatapur', 2),
(2264, 'Lingala Ghanpur', 2),
(2265, 'Narmetta', 2),
(2266, 'Bhupalapalli', 2),
(2267, 'Ghanpur (Mulug)', 2),
(2268, 'Ghanpur(Mulug)', 2),
(2269, 'Chelpur', 2),
(2270, 'Chityal', 2),
(2271, 'Regonda', 2),
(2272, 'Bachannapet', 2),
(2273, 'Mangapet', 2),
(2274, 'Lingal Ghanpur', 2),
(2275, 'Lingalaghanpur', 2),
(2276, 'Buchannapet', 2),
(2277, 'China Raman Cherla', 2),
(2278, 'Kodakandla', 2),
(2279, 'Kodakondla', 2),
(2280, 'Palakurthy', 2),
(2281, 'Cherial', 2),
(2282, 'Chiryal', 2),
(2283, 'Maddur', 2),
(2284, 'Raghunathapalli', 2),
(2285, 'Raghunathpalle', 2),
(2286, 'Raghunathpalli', 2),
(2287, 'Raghunathplli', 2),
(2288, 'Devaruppala', 2),
(2289, 'Devaruppula', 2),
(2290, 'Devaruppal', 2),
(2291, 'Sangem', 2),
(2292, 'Raiparthy', 2),
(2293, 'Zaffargadh', 2),
(2294, 'Raiparhty', 2),
(2295, 'Maripeda', 2),
(2296, 'Zaffargadgh', 2),
(2297, 'Narsimhulapet', 2),
(2298, 'Kadakandla', 2),
(2299, 'Kodakandal', 2),
(2300, 'Shayampet', 2),
(2301, 'Narasimulapet', 2),
(2302, 'Narsimulapet', 2),
(2303, 'Geesugonda', 2),
(2304, 'Ggesugonda', 2),
(2305, 'Samgem', 2),
(2306, 'Geegugonda', 2),
(2307, 'Chennaraopet', 2),
(2308, 'Duggondi', 2),
(2309, 'Chennraopet', 2),
(2310, 'Mulug', 2),
(2311, 'Govindaraopet', 2),
(2312, 'Mogullapalle', 2),
(2313, 'Tadvai', 2),
(2314, 'Ghanpur(M)', 2),
(2315, 'Bhupalpalle', 2),
(2316, 'Nallabelli', 2),
(2317, 'Nallbelli', 2),
(2318, 'Mogullapalli', 2),
(2319, 'Parvathagiri', 2),
(2320, 'Parwathagiri', 2),
(2321, 'Mogullapally', 2),
(2322, 'Nallikaddr', 2),
(2323, 'Nallikaddur', 2),
(2324, 'Redlawada', 2),
(2325, 'Hasanaparthy', 2),
(2326, 'Dornakal', 2),
(2327, 'So', 2),
(2328, 'Khammam', 36),
(2329, 'Khammam (Urban)', 2),
(2330, 'Aswapuram', 2),
(2331, 'Kothagudem', 2),
(2332, 'Vkhani', 2),
(2333, 'Bhadrachalam', 2),
(2334, 'Mothugudem', 2),
(2335, 'Burgamapahad', 2),
(2336, 'Burgampahad', 2),
(2337, 'Burghampahad', 2),
(2338, 'Paloncha', 2),
(2339, 'Manugur', 2),
(2340, 'Manuguru', 2),
(2341, 'Manugurq', 2);
INSERT INTO `ec_cities` (`id`, `name`, `state_id`) VALUES
(2342, 'Rudrampur', 2),
(2343, 'Sujathanagar', 2),
(2344, 'Sujathanagarq', 2),
(2345, 'Kunavaram', 2),
(2346, 'Karepalli', 2),
(2347, 'Yelladu', 2),
(2348, 'Yellandu', 2),
(2349, 'Yellandu Colls', 2),
(2350, 'Sarapaka', 2),
(2351, 'Chintur', 2),
(2352, 'Nellipaka', 2),
(2353, 'Donkarayi', 2),
(2354, 'Charal', 2),
(2355, 'Charla', 2),
(2356, 'Gdpeta', 2),
(2357, 'V.R.Puram', 2),
(2358, 'Vr Puram', 2),
(2359, 'Vrpuram', 2),
(2360, 'Venkatapuram', 2),
(2361, 'Vennkatapuram', 2),
(2362, 'Dummagudem', 2),
(2363, 'Gouthampur', 2),
(2364, 'S.N.Puram', 2),
(2365, 'Satyanarayanapuram', 2),
(2366, 'Snpuram', 2),
(2367, 'Palair', 2),
(2368, 'Gokinepalli', 2),
(2369, 'Kusumanchi', 2),
(2370, 'Nkpalli', 2),
(2371, 'Nkpally', 2),
(2372, 'Subled', 2),
(2373, 'T. Palem', 2),
(2374, 'T.Palem', 2),
(2375, 'Vemsur', 2),
(2376, 'Wyra', 2),
(2377, 'Julurpahad', 2),
(2378, 'Julurupad', 2),
(2379, 'Julurupadu', 2),
(2380, 'Tallada', 2),
(2381, 'Enkoor', 2),
(2382, 'Ch.Madharam', 2),
(2383, 'Cheruvumadharam', 2),
(2384, 'Cheruvumadhram', 2),
(2385, 'Tallampahad', 2),
(2386, 'Komminepalli', 2),
(2387, 'Pindipole', 2),
(2388, 'Pindipolu', 2),
(2389, 'Yerrupalem', 2),
(2390, 'B.N.Pahad', 2),
(2391, 'Bnpahad', 2),
(2392, 'Madhira', 2),
(2393, 'Bommakal', 2),
(2394, 'Bonakal', 2),
(2395, 'Bonnakal', 2),
(2396, 'Chintakani', 2),
(2397, 'Kallur', 2),
(2398, 'Garla', 2),
(2399, 'Bayyaram', 2),
(2400, 'Aswaraopet', 2),
(2401, 'Aswaraopeta', 2),
(2402, 'Awaraopet', 2),
(2403, 'Penuballi', 2),
(2404, 'Sathupalle', 2),
(2405, 'Sathupalli', 2),
(2406, 'Siripuram', 2),
(2407, 'Tanikella', 2),
(2408, 'Dammapeta', 2),
(2409, 'P R Gudem', 2),
(2410, 'P.R.Gudem', 2),
(2411, 'Vvpalem', 2),
(2412, 'Nalgonda', 36),
(2413, 'Alair', 2),
(2414, 'Bhongir', 2),
(2415, 'Bb', 2),
(2416, 'Cc', 2),
(2417, 'Cxc', 2),
(2418, 'Valigonda', 2),
(2419, 'Nalgodna', 2),
(2420, 'Ramannapeta So', 2),
(2421, 'Yadagarigutta', 2),
(2422, 'Yadagirigutta', 2),
(2423, 'Bhongiri', 2),
(2424, 'Nalgnda', 2),
(2425, 'Bibinagar', 2),
(2426, 'Nalgolnda', 2),
(2427, 'Huzurnagar', 2),
(2428, 'Anumula', 2),
(2429, 'Kodad', 2),
(2430, 'Suryapet', 36),
(2431, 'Miryalaguda', 36),
(2432, 'Miryalguda', 2),
(2433, 'Miryalgudda', 2),
(2434, 'Nakrekal', 2),
(2435, 'Suryap[Et', 2),
(2436, 'Thungathurthi', 2),
(2437, 'Thungathurthy', 2),
(2438, 'Tirumalgiri', 2),
(2439, 'Suryapet Ho', 2),
(2440, 'Pedda Adiserla Palle', 2),
(2441, 'Munugode', 2),
(2442, 'Nalognda', 2),
(2443, 'Marriguda', 2),
(2444, 'Devarakonda', 2),
(2445, 'Choutuppal', 2),
(2446, 'Narayanapur', 2),
(2447, 'Chandur', 2),
(2448, 'Peddavoora', 2),
(2449, 'Mothkur', 2),
(2450, 'Pochampalle', 2),
(2451, 'Nalgoda', 2),
(2452, 'Vv', 2),
(2453, 'Mahabubnagar', 36),
(2454, 'Mahabubnagar H.O', 2),
(2455, 'Mahbubnagar', 2),
(2456, 'Mahboobnagar', 2),
(2457, 'Kodair', 2),
(2458, 'Kollapur', 2),
(2459, 'Peddakothapally', 2),
(2460, 'Peddamandadi', 2),
(2461, 'Wanaparthy', 2),
(2462, 'Kothakota', 2),
(2463, 'Pebbair', 2),
(2464, 'Veepangandla', 2),
(2465, 'Pangal', 2),
(2466, 'Cckunta', 2),
(2467, 'Dharur', 2),
(2468, 'Gadwal', 2),
(2469, 'Mahabub Nagar', 2),
(2470, 'Amrabad', 2),
(2471, 'Farooqnagar', 2),
(2472, 'Keshampet', 2),
(2473, 'Bijnapally', 2),
(2474, 'Gopalpet', 2),
(2475, 'Pedda Mandadi', 2),
(2476, 'Kondurgu', 2),
(2477, 'Nagarkurnool', 2),
(2478, 'Tadoor', 2),
(2479, 'Thadoor', 2),
(2480, 'Narayanpet', 2),
(2481, 'Palem', 2),
(2482, 'Shadnagar', 2),
(2483, 'Shahabad', 2),
(2484, 'Kothur', 2),
(2485, 'Devarkadra', 2),
(2486, 'Jadcherla', 2),
(2487, 'Stn. Jadcherla', 2),
(2488, 'Thimmajipet', 2),
(2489, 'Kalwakurthy', 2),
(2490, 'Midjil', 2),
(2491, 'Talakondapally', 2),
(2492, 'Veldanda', 2),
(2493, 'Amangal', 2),
(2494, 'Amnagal', 2),
(2495, 'Madgul', 2),
(2496, 'Kalwakurhy', 2),
(2497, 'Vangoor', 2),
(2498, 'Kodangal', 2),
(2499, 'Gundmal', 2),
(2500, 'Kandukur', 2),
(2501, 'Achampet', 2),
(2502, 'Balmoor', 2),
(2503, 'Uppanunthala', 2),
(2504, 'Uppununthala', 2),
(2505, 'Thelkapally', 2),
(2506, 'Uppunuthala', 2),
(2507, 'Lingal', 2),
(2508, 'Lingala', 2),
(2509, 'Bhootpur', 2),
(2510, 'Boothpur', 2),
(2511, 'Farooqnqgar', 2),
(2512, 'Anantapur', 2),
(2513, 'C.K. Palli', 2),
(2514, 'C.K.Palli', 2),
(2515, 'Chennekothapalle', 2),
(2516, 'Ramagiri', 2),
(2517, 'Kothacheruvu', 2),
(2518, 'Penukonda', 2),
(2519, 'Puttaparthi', 2),
(2520, 'Somandepalle', 2),
(2521, 'Somandepalli', 2),
(2522, 'Roddam', 2),
(2523, 'Puttaparthy', 2),
(2524, 'Bukkapatnam', 2),
(2525, 'C.K.. Palli', 2),
(2526, 'Mudigubba', 2),
(2527, 'Dharmavaram', 2),
(2528, 'Bathalapalle', 2),
(2529, 'Hindupur', 2),
(2530, 'Lepakshi', 2),
(2531, 'Parigi', 2),
(2532, 'Gorantla', 2),
(2533, 'Gudibanda', 2),
(2534, 'Rolla', 2),
(2535, 'Amarapuram', 2),
(2536, 'Madakasira', 2),
(2537, 'Agali', 2),
(2538, 'Chilamathur', 2),
(2539, 'Gooty', 2),
(2540, 'Pamidi', 2),
(2541, 'Pedda Vadagur', 2),
(2542, 'Peddavadugur', 2),
(2543, 'Peddapappur', 2),
(2544, 'Yadiki', 2),
(2545, 'Peddapappuru', 2),
(2546, 'Putluru', 2),
(2547, 'Tadipatri', 2),
(2548, 'Tadpatri', 2),
(2549, 'Putlur', 2),
(2550, 'Bukkaraya Samudram', 2),
(2551, 'Narpala', 2),
(2552, 'Singanamala', 2),
(2553, 'Ammalladinne', 2),
(2554, 'Yellanur', 2),
(2555, 'Muddanur', 2),
(2556, 'Kadiri', 2),
(2557, 'Nallamada', 2),
(2558, 'Gandlapenta', 2),
(2559, 'N.P. Kunta', 2),
(2560, 'O.D. Cheruvu', 2),
(2561, 'Obuladevaracheruvu', 2),
(2562, 'Talupula', 2),
(2563, 'Nallacheruvu', 2),
(2564, 'Amadagur', 2),
(2565, 'Amadaguru', 2),
(2566, 'Obuladevacheruvu', 2),
(2567, 'Tanakal', 2),
(2568, 'Tanakallu', 2),
(2569, 'Garladinne', 2),
(2570, 'Kambadur', 2),
(2571, 'Kambaduru', 2),
(2572, 'Kanaganapalle', 2),
(2573, 'Kanaganapalli', 2),
(2574, 'Ramgiri', 2),
(2575, 'Bathalapalli', 2),
(2576, 'Tadimarri', 2),
(2577, 'Raptadu', 2),
(2578, 'B K Samudram', 2),
(2579, 'Bukkarayasamudram', 2),
(2580, 'Bukkrayasamudram', 2),
(2581, 'Kudair', 2),
(2582, 'Kuderu', 2),
(2583, 'Rapthadu', 2),
(2584, 'Garladinna', 2),
(2585, 'Beluguppa', 2),
(2586, 'Kanekal', 2),
(2587, 'Uravakonda', 2),
(2588, 'Kalayandurg', 2),
(2589, 'Kalyandurg', 2),
(2590, 'Brahma Samudram', 2),
(2591, 'Brahmasamudram', 2),
(2592, 'Brhama Samudram', 2),
(2593, 'Settur', 2),
(2594, 'Kundurpi', 2),
(2595, 'Shetturu', 2),
(2596, 'Shettur', 2),
(2597, 'Guntakal', 2),
(2598, 'Bommanahal', 2),
(2599, 'Vajrakarur', 2),
(2600, 'Vidapanakal', 2),
(2601, 'Gummagatta', 2),
(2602, 'D.Hirehal', 2),
(2603, 'Herial', 2),
(2604, 'Rayadurg', 2),
(2605, 'Vipanakal', 2),
(2606, 'Cuddapah', 2),
(2607, 'Sidhout', 2),
(2608, 'Chinthakommadinne', 2),
(2609, 'Kodur', 2),
(2610, 'Chitvel', 2),
(2611, 'Obulavaripalle', 2),
(2612, 'Badvel', 2),
(2613, 'Pullampeta', 2),
(2614, 'Penagalur', 2),
(2615, 'Peddarachapalli', 2),
(2616, 'Rajampet', 2),
(2617, 'Rayachoti', 2),
(2618, 'T Sundupalle', 2),
(2619, 'Nandalur', 2),
(2620, 'Vontimitta', 2),
(2621, 'Mydekur', 2),
(2622, 'Proddatur', 2),
(2623, 'S.Mydukur', 2),
(2624, 'Duvvur', 2),
(2625, 'B.Kodur', 2),
(2626, 'Kalasapadu', 2),
(2627, 'Porumamilla', 2),
(2628, 'Khajipet', 2),
(2629, 'Chinnamandem', 2),
(2630, 'Sambepalle', 2),
(2631, 'Pendlimarri', 2),
(2632, 'Sri Avadhutha Kasinayana', 2),
(2633, 'Nandimandalam', 2),
(2634, 'Gopavaram', 2),
(2635, 'Lakkireddipalle', 2),
(2636, 'Chakrayapet', 2),
(2637, 'Galiveedu', 2),
(2638, 'Veeraballe', 2),
(2639, 'Ramapuram', 2),
(2640, 'Rayachoty', 2),
(2641, 'Kamalapuram', 2),
(2642, 'Vallur', 2),
(2643, 'Yerraguntla', 2),
(2644, 'Veerapunayanipalle', 2),
(2645, 'Veerapunayunipalle', 2),
(2646, 'Verrapanayanipalle', 2),
(2647, 'Pulivendla', 2),
(2648, 'Vaimpalle', 2),
(2649, 'Vempalle', 2),
(2650, 'Chapad', 2),
(2651, 'Payasampalle', 2),
(2652, 'Yearraguntla', 2),
(2653, 'Vemula', 2),
(2654, 'Vaimapalle', 2),
(2655, 'Rajupalam', 2),
(2656, 'Rajupalem', 2),
(2657, 'Thondur', 2),
(2658, 'Tondur', 2),
(2659, 'Jammalamadugu', 2),
(2660, 'Jammalamdugu', 2),
(2661, 'Peddamudium', 2),
(2662, 'Mylavaram', 2),
(2663, 'Jammalmadugu', 2),
(2664, 'Kondapuram', 2),
(2665, 'Pulivedla', 2),
(2666, 'Simhadripuram', 2),
(2667, 'Lavanur', 2),
(2668, 'Yellanoor', 2),
(2669, 'Tallaproddatur', 2),
(2670, 'Balapanur', 2),
(2671, 'Atlur', 2),
(2672, 'Brahmamgarimattam', 2),
(2673, 'Kurnool', 2),
(2674, 'Chittoor', 2),
(2675, 'Chandragiri', 2),
(2676, 'Pakala', 2),
(2677, 'Pulicherla', 2),
(2678, 'Madanapalle', 2),
(2679, 'Puthalapattu', 2),
(2680, 'Puthalpattu', 2),
(2681, 'Gangadhara Nellore', 2),
(2682, 'Penumuru', 2),
(2683, 'Murakambattu', 2),
(2684, 'Yadamarri', 2),
(2685, 'Arugonda', 2),
(2686, 'Bangarupalem', 2),
(2687, 'Thavanampalle', 2),
(2688, 'Iral', 2),
(2689, 'Irala', 2),
(2690, 'Kanipakam', 2),
(2691, 'Gudipala', 2),
(2692, 'Damalacheruvu', 2),
(2693, 'Srirangarajapuram', 2),
(2694, 'Rompicherla', 2),
(2695, 'Chinnagottigallu', 2),
(2696, 'Chinnagottigallu Mandal', 2),
(2697, 'Bhakarapet', 2),
(2698, 'Yerravaripalem', 2),
(2699, 'G.K.Palle', 2),
(2700, 'Kalikiri', 2),
(2701, 'Kambhamvaripalle', 2),
(2702, 'Pileru', 2),
(2703, 'Piler', 2),
(2704, 'Vayalpad', 2),
(2705, 'Kalakada', 2),
(2706, 'Madanpalle', 2),
(2707, 'Punganur', 2),
(2708, 'Chowdepalle', 2),
(2709, 'Valmikipuram', 2),
(2710, 'Gurramkonda', 2),
(2711, 'B.Kothakota', 2),
(2712, 'Mulakalacheruvu', 2),
(2713, 'Palamaner', 2),
(2714, 'Ramakuppam', 2),
(2715, 'Peddapanjani', 2),
(2716, 'Ramasamudram', 2),
(2717, 'Palasamudram', 2),
(2718, 'Santhipuram', 2),
(2719, 'Venkatagirikota', 2),
(2720, 'Kuppam', 2),
(2721, 'Tirupati (Urban)', 2),
(2722, 'Tirupati (Rural)', 2),
(2723, 'Tirupati Rural', 2),
(2724, 'Renigunta', 2),
(2725, 'Yerpedu', 2),
(2726, 'Akkurthi', 2),
(2727, 'Varadaiahpalem', 2),
(2728, 'Srikalahasti', 2),
(2729, 'Vadamalapeta', 2),
(2730, 'Vadamalpet', 2),
(2731, 'Vedurukuppam', 2),
(2732, 'Venkata Krishna Puram', 2),
(2733, 'Puttur', 2),
(2734, 'Narayanavanam', 2),
(2735, 'Karvetinagar', 2),
(2736, 'Pannur', 2),
(2737, 'Vijayapuram', 2),
(2738, 'Nindra', 2),
(2739, 'Pichatur', 2),
(2740, 'Pissatur', 2),
(2741, 'Satyavedu', 2),
(2742, 'Nagari', 2),
(2743, 'Vengalrajukuppam', 2),
(2744, 'Thondamanadu', 2),
(2745, 'Buchinaidu Kandriga', 2),
(2746, 'K.V.B.Puram', 2),
(2747, 'Srisailam', 2),
(2748, 'Banaganapalle', 2),
(2749, 'Panyam', 2),
(2750, 'Koilakuntla', 2),
(2751, 'Koilkuntla', 2),
(2752, 'Owk', 2),
(2753, 'Banaganapalli', 2),
(2754, 'Banaganpallie', 2),
(2755, 'Kolimigundla', 2),
(2756, 'Dornipadu', 2),
(2757, 'Sanjamala', 2),
(2758, 'Gundupapala', 2),
(2759, 'Bethamcherla', 2),
(2760, 'Veldurthi', 2),
(2761, 'Devanakonda', 2),
(2762, 'Peapally', 2),
(2763, 'Tuggali', 2),
(2764, 'Dhone', 2),
(2765, 'Krishnagiri', 2),
(2766, 'Adoni', 2),
(2767, 'Mantralayam', 2),
(2768, 'Pattikonda', 2),
(2769, 'Gonegandla', 2),
(2770, 'Yemmiganur', 2),
(2771, 'Maddikera (East)', 2),
(2772, 'Pagidyala', 2),
(2773, 'Jupadu Bungalow', 2),
(2774, 'Nandikotkur', 2),
(2775, 'Pamulapadu', 2),
(2776, 'C.Belagal', 2),
(2777, 'Nandavaram', 2),
(2778, 'Kodumur', 2),
(2779, 'Nandyal', 2),
(2780, 'Allagadda', 2),
(2781, 'Gadivemula', 2),
(2782, 'Sirvel', 2),
(2783, 'Bandi Atmakur', 2),
(2784, 'Velgode', 2),
(2785, 'Allgadda', 2),
(2786, 'Gospadu', 2),
(2787, 'Mahanandi', 2),
(2788, 'Nandyal .', 2),
(2789, 'Krishna', 2),
(2790, 'Vijayawada (Urban)', 2),
(2791, 'Vijayawada (Rural)', 2),
(2792, 'Bandar', 2),
(2793, 'Machilipatnam', 2),
(2794, 'Machillipatnam', 2),
(2795, 'Gannavaram', 2),
(2796, 'Vijayawada', 2),
(2797, 'Bapulapadu', 2),
(2798, 'Nuzvid', 2),
(2799, 'Nandivada', 2),
(2800, 'Telaprolu', 2),
(2801, 'Veeravalli', 2),
(2802, 'Billanapalli', 2),
(2803, 'Nagayalanka', 2),
(2804, 'Avanigadda', 2),
(2805, 'Mopidevi', 2),
(2806, 'Challapalli', 2),
(2807, 'Ghantasala', 2),
(2808, 'Penamaluru Mandal', 2),
(2809, 'Poranki', 2),
(2810, 'Movva', 2),
(2811, 'Pedaparupudi', 2),
(2812, 'Guduru', 2),
(2813, 'Kankipadu', 2),
(2814, 'Vuyyuru', 2),
(2815, 'Pamarru', 2),
(2816, 'Thotlavalluru', 2),
(2817, 'Katuru', 2),
(2818, 'Veerullapadu', 2),
(2819, 'Jaggayyapeta', 2),
(2820, 'Chadarlapadu', 2),
(2821, 'Chandaralpadu', 2),
(2822, 'Chandarlapadu', 2),
(2823, 'Nandigama', 2),
(2824, 'Penuganchiprolu', 2),
(2825, 'Nuz Id', 2),
(2826, 'Musunuru', 2),
(2827, 'Agiripalle', 2),
(2828, 'Aukiripalli', 2),
(2829, 'Vja', 2),
(2830, 'Chatrai', 2),
(2831, 'Vissannapet', 2),
(2832, 'Reddigudem', 2),
(2833, 'A.Konduru', 2),
(2834, 'Kondapalli', 2),
(2835, 'Tiruvuru', 2),
(2836, 'Akunuru', 2),
(2837, 'Kakulapadu', 2),
(2838, 'Vunguturu', 2),
(2839, 'Vuyyur', 2),
(2840, 'Gudivada', 2),
(2841, 'Mudinepalli', 2),
(2842, 'Bantumilli', 2),
(2843, 'Krithivennu', 2),
(2844, 'Kruthivennu', 2),
(2845, 'Gudlavalleru', 2),
(2846, 'Mandavalli', 2),
(2847, 'Koduru', 2),
(2848, 'Mudinepalle', 2),
(2849, 'Gudlavallru', 2),
(2850, 'Kaikalur', 2),
(2851, 'Kalidindi', 2),
(2852, 'Kalidinid', 2),
(2853, 'Vizianagaram', 2),
(2854, 'Mudinepelli', 2),
(2855, 'Pedana', 2),
(2856, 'Bantumalli', 2),
(2857, 'Penugolanu', 2),
(2858, 'Vatsavai', 2),
(2859, 'Gampalagudem', 2),
(2860, 'Gamplagudem', 2),
(2861, 'Gamplaguedem', 2),
(2862, 'Jaggaiahpet', 2),
(2863, 'Guntur', 2),
(2864, 'Medikonduru', 2),
(2865, 'Lemalle', 2),
(2866, 'Ponnekallu', 2),
(2867, 'Prathipadu', 2),
(2868, 'Amaravathi', 2),
(2869, 'Bapatla', 2),
(2870, 'Karlapalem', 2),
(2871, 'Kakumanu', 2),
(2872, 'Cheruuvu', 2),
(2873, 'Cheruvu', 2),
(2874, 'Ponnur', 2),
(2875, 'Ponnuru', 2),
(2876, 'Tenali', 2),
(2877, 'Angalakudur', 2),
(2878, 'Chebrole', 2),
(2879, 'Sangamjagarlamudi', 2),
(2880, 'Edlapadu', 2),
(2881, 'Edlapdu', 2),
(2882, 'Nadendla', 2),
(2883, 'Pedanandipadu', 2),
(2884, 'Tadikonda', 2),
(2885, 'Mangalagiri Ho', 2),
(2886, 'Tulluru', 2),
(2887, 'Bhattiprolu', 2),
(2888, 'Bhattiprole', 2),
(2889, 'Vellaturu', 2),
(2890, 'Dhulipudi', 2),
(2891, 'Nagaram', 2),
(2892, 'Cherukupalli', 2),
(2893, 'Kanagala', 2),
(2894, 'Vemuru', 2),
(2895, 'Kuchinapudi', 2),
(2896, 'Chodayapalem', 2),
(2897, 'Repalle', 2),
(2898, 'Anantavaram', 2),
(2899, 'K.C.Works', 2),
(2900, 'Pedavadlapudi', 2),
(2901, 'Nutakki', 2),
(2902, 'Kollipara', 2),
(2903, 'Pedapalem', 2),
(2904, 'Nandivelugu', 2),
(2905, 'Kolakaluru', 2),
(2906, 'Duggirala', 2),
(2907, 'Emani', 2),
(2908, 'Cherukupalle', 2),
(2909, 'Appikatla', 2),
(2910, 'Chandole', 2),
(2911, 'Turumella', 2),
(2912, 'Amartaluru', 2),
(2913, 'Kuchipudi', 2),
(2914, 'Nizampatnam', 2),
(2915, 'Machavaram', 2),
(2916, 'Patsalatadiparru', 2),
(2917, 'Stuvartpuram', 2),
(2918, 'Tsunduru', 2),
(2919, 'Kolluru', 2),
(2920, 'Intur', 2),
(2921, 'Inturu', 2),
(2922, 'Pedakurapadu', 2),
(2923, 'Pedakurpadu', 2),
(2924, 'Sattenapalle', 2),
(2925, 'Muppalla', 2),
(2926, 'Muppalla(Sa)', 2),
(2927, 'Muppalla(Sap)', 2),
(2928, 'Sttenapalle', 2),
(2929, 'Atchampet', 2),
(2930, 'Krosuru', 2),
(2931, 'Bellamkonda', 2),
(2932, 'Narasaraopet', 2),
(2933, 'Bollapalle', 2),
(2934, 'Piduguralla', 2),
(2935, 'Pidugurlalla', 2),
(2936, 'Dachepalle', 2),
(2937, 'Gurazalla', 2),
(2938, 'Gurzalla', 2),
(2939, 'Rentachintala', 2),
(2940, 'Macherla', 2),
(2941, 'Tadepalle', 2),
(2942, 'Mangalagiri', 2),
(2943, 'Namburu', 2),
(2944, 'Pedakakani', 2),
(2945, 'Phirangipuram', 2),
(2946, 'Narassaraopet', 2),
(2947, 'Chilakaluripet', 2),
(2948, 'Durgi', 2),
(2949, 'Veldurthy', 2),
(2950, 'Karempudi', 2),
(2951, 'Nekarikallu', 2),
(2952, 'Savalyapuram', 2),
(2953, 'Vinukonda', 2),
(2954, 'Ipuru', 2),
(2955, 'Nuzendla', 2),
(2956, 'Ongole', 2),
(2957, 'Kanigiri', 2),
(2958, 'Voletivaripalem', 2),
(2959, 'Chirala', 2),
(2960, 'Chiral', 2),
(2961, 'Parchur', 2),
(2962, 'Prakasam', 2),
(2963, 'Kotha Patnam', 2),
(2964, 'Vetapalem', 2),
(2965, 'Addanki', 2),
(2966, 'Podili', 2),
(2967, 'Tangutur', 2),
(2968, 'Kurichedu', 2),
(2969, 'Donakonda', 2),
(2970, 'Markapur', 2),
(2971, 'Markapur Ho', 2),
(2972, 'Peda Araveedu', 2),
(2973, 'Markpur', 2),
(2974, 'Tripuranthakam', 2),
(2975, 'Yerragondapalem', 2),
(2976, 'Pullalacheruvu', 2),
(2977, 'Dornala', 2),
(2978, 'Tarlupadu', 2),
(2979, 'Cumbum', 2),
(2980, 'Bestawaripeta', 2),
(2981, 'Ardhaveedu', 2),
(2982, 'Giddalur', 2),
(2983, 'Racherla', 2),
(2984, 'Komarolu', 2),
(2985, 'Nellore', 2),
(2986, 'Doravarisatram', 2),
(2987, 'Sullurpeta', 2),
(2988, 'Tada', 2),
(2989, 'Naidupet', 2),
(2990, 'Naidupeta', 2),
(2991, 'Chittamur', 2),
(2992, 'Chittamuru', 2),
(2993, 'Pellakur', 2),
(2994, 'Venkatagiri', 2),
(2995, 'Dakkili', 2),
(2996, 'Kovur', 2),
(2997, 'Kovur Mandalam', 2),
(2998, 'Bitragunta', 2),
(2999, 'Damavaram', 2),
(3000, 'Kavali', 2),
(3001, 'Anemadugu', 2),
(3002, 'Chakalakonda', 2),
(3003, 'Duthalur', 2),
(3004, 'Jaladanki', 2),
(3005, 'Kaligiri', 2),
(3006, 'Siddanakonduru', 2),
(3007, 'Udayagiri', 2),
(3008, 'Varikuntapadu', 2),
(3009, 'Vinjamoor', 2),
(3010, 'Vinjamur', 2),
(3011, 'Nandipadu', 2),
(3012, 'Gumparlapadu', 2),
(3013, 'Gandipalem', 2),
(3014, 'Dagadarthi', 2),
(3015, 'Atmakur(Nl)', 2),
(3016, 'S.S.Project', 2),
(3017, 'Ss Project', 2),
(3018, 'Ananatasagaram', 2),
(3019, 'Anantasagaram', 2),
(3020, 'Revur', 2),
(3021, 'A.S.Peta', 2),
(3022, 'Anumasamudrampeta Mandal', 2),
(3023, 'Buchireddipalem Mandalam', 2),
(3024, 'Buchireddypalem', 2),
(3025, 'Buchireddypalem Mandalam', 2),
(3026, 'Karatampadu', 2),
(3027, 'Podalakur', 2),
(3028, 'Virur', 2),
(3029, 'Seetaramapuram', 2),
(3030, 'Seetharamapuram', 2),
(3031, 'Tp Gudur', 2),
(3032, 'Marripadu', 2),
(3033, 'Indukurpeta Mandalam', 2),
(3034, 'Mypadu', 2),
(3035, 'Indukurpeta', 2),
(3036, 'Allur', 2),
(3037, 'Allur Mandalam', 2),
(3038, 'Kodavalur', 2),
(3039, 'Kodavaluru', 2),
(3040, 'Kodavaluru Mandalam', 2),
(3041, 'Gandavaram', 2),
(3042, 'Kodavalur Mandalam', 2),
(3043, 'Vidavalur', 2),
(3044, 'Venkatachala Satram', 2),
(3045, 'Venkatachalam', 2),
(3046, 'Survepalli', 2),
(3047, 'Chejerla', 2),
(3048, 'Kaluvoya', 2),
(3049, 'Muthukur', 2),
(3050, 'Muthukur Mandalam', 2),
(3051, 'Brahmadevam', 2),
(3052, 'Northrajupalem Mandalam', 2),
(3053, 'Nr Palem', 2),
(3054, 'Vojili', 2),
(3055, 'Balayapalli', 2),
(3056, 'Manubolu', 2),
(3057, 'Sydapuram', 2),
(3058, 'Rapur', 2),
(3059, 'Kota', 2),
(3060, 'Chillakur', 2),
(3061, 'Vakadu', 2),
(3062, 'Visakhapatnam', 2),
(3063, 'Visakhapatnam (Urban)', 2),
(3064, 'Pedagantyada', 2),
(3065, 'Vishakhapatnam', 2),
(3066, 'Visakhapatnam Rural', 2),
(3067, 'Pendurthi', 2),
(3068, 'Visakhapatnam (Rural)', 2),
(3069, 'Anandapuram', 2),
(3070, 'Gajuwaka', 2),
(3071, 'Anakapalle', 2),
(3072, 'Paravada', 2),
(3073, 'Chodavaram', 2),
(3074, 'Paderu', 2),
(3075, 'Ananthagiri', 2),
(3076, 'Cheedikada', 2),
(3077, 'Atchutapuram', 2),
(3078, 'Yellamanchili', 2),
(3079, 'Golugonda', 2),
(3080, 'Narsipatnam', 2),
(3081, 'Chintapalle', 2),
(3082, 'Nathavaram', 2),
(3083, 'Araku', 2),
(3084, 'Araku Valley', 2),
(3085, 'Bheemunipatnam', 2),
(3086, 'Visakhapatnam.', 2),
(3087, 'Viskhapatnam', 2),
(3088, 'Srikakulam', 2),
(3089, 'Etcherla', 2),
(3090, 'Etcherla Mandal', 2),
(3091, 'Regidi Amadalavalasa', 2),
(3092, 'Regidi Mandal', 2),
(3093, 'Vangara Mandal', 2),
(3094, 'Therlam Mandal', 2),
(3095, 'Santhakaviti Mandal', 2),
(3096, 'Rajam', 2),
(3097, 'Rajam Mandal', 2),
(3098, 'Sigadam Mandal', 2),
(3099, 'Merakamudidam', 2),
(3100, 'Merakamudidam Mandal', 2),
(3101, 'Ganguvada Sigadam Mandal', 2),
(3102, 'G.Sigadam Mandal', 2),
(3103, 'Laveru Mandal', 2),
(3104, 'Ponduru', 2),
(3105, 'Ponduru Mandal', 2),
(3106, 'Amadalavalasa', 2),
(3107, 'Amadalavalasa Manal', 2),
(3108, 'Amadalavalasa Mandal', 2),
(3109, 'Burja Mandal', 2),
(3110, 'Srikakulam Mandal', 2),
(3111, 'Sarubujjili', 2),
(3112, 'Sarubujjili Mandal', 2),
(3113, 'Jalumuru', 2),
(3114, 'Kotabommali Mandal', 2),
(3115, 'Kotabommalimandal', 2),
(3116, 'Santabommali Mandal', 2),
(3117, 'Santhabommali Mandal', 2),
(3118, 'Tekkali', 2),
(3119, 'Nandigam Mandal', 2),
(3120, 'Saravakota Mandal', 2),
(3121, 'Tekkali Mandal', 2),
(3122, 'Santhabommali', 2),
(3123, 'Vajrapukotturu Mandal', 2),
(3124, 'Pathapatnam', 2),
(3125, 'Pathapatnam Mandal', 2),
(3126, 'Hiramandalam Mandal', 2),
(3127, 'Meliaputti Mandal', 2),
(3128, 'Vajrapukothuru', 2),
(3129, 'Palasa Mandal', 2),
(3130, 'Meliaputti', 2),
(3131, 'Palasa', 2),
(3132, 'Mandasa', 2),
(3133, 'Mandasa Mandal', 2),
(3134, 'Sompeta Mandal', 2),
(3135, 'Kanchili Mandal', 2),
(3136, 'Kaviti Mandal', 2),
(3137, 'Ichchapuram', 2),
(3138, 'Ichchapuram Mandal', 2),
(3139, 'Kaviti', 2),
(3140, 'Gara Mandal', 2),
(3141, 'Laveru', 2),
(3142, 'Gara', 2),
(3143, 'Ranastalam', 2),
(3144, 'Ranasthalam Mandal', 2),
(3145, 'Cheepurupalle', 2),
(3146, 'Narasannapeta', 2),
(3147, 'Narasannapeta Mandal', 2),
(3148, 'Polaki Mandal', 2),
(3149, 'Jalumuru Mandal', 2),
(3150, 'Saravakota Mdl', 2),
(3151, 'Palakonda', 2),
(3152, 'R. Amadalavalasa', 2),
(3153, 'R.Amadalavalasa', 2),
(3154, 'Seethampeta', 2),
(3155, 'Burja', 2),
(3156, 'Bhamani Mandal', 2),
(3157, 'Bhamini', 2),
(3158, 'Bhamini Mandal', 2),
(3159, 'Kotturu', 2),
(3160, 'Kotturu Mandal', 2),
(3161, 'Seethampeta Mandal', 2),
(3162, 'Lakshminarsupeta', 2),
(3163, 'Hiramandalam', 2),
(3164, 'Veeraghattam', 2),
(3165, 'Vangara', 2),
(3166, 'Kotabommali', 2),
(3167, 'Ajjada', 2),
(3168, 'Kakinada', 2),
(3169, 'Kakinada (Urban)', 2),
(3170, 'Kakinada Rural', 2),
(3171, 'Pedapudi', 2),
(3172, 'Karapa', 2),
(3173, 'Rajahmundry', 2),
(3174, 'Rajahmundry (Urban)', 2),
(3175, 'Rajahmundry Rural', 2),
(3176, 'Korukonda', 2),
(3177, 'Rajanagaram', 2),
(3178, 'Sithanagaram', 2),
(3179, 'Rajaahmundry Rural', 2),
(3180, 'Kadiyam', 2),
(3181, 'Alamuru', 2),
(3182, 'Amalapuram', 2),
(3183, 'Allavaram', 2),
(3184, 'Allavaram Mandal', 2),
(3185, 'Ainavilli', 2),
(3186, 'Ainavilli Mandal', 2),
(3187, 'Katrenikona', 2),
(3188, 'Katrenikona Mandal', 2),
(3189, 'Amalapuram Mandal', 2),
(3190, 'Uppalaguptam', 2),
(3191, 'Ambajipeta', 2),
(3192, 'P.Gannavaram', 2),
(3193, 'P.Gannavaram Mandal', 2),
(3194, 'Mummidivaram', 2),
(3195, 'Mummidivaram Mandal', 2),
(3196, 'I.Polavaram', 2),
(3197, 'I.Polavaram Mandal', 2),
(3198, 'Ambajipeta Mandal', 2),
(3199, 'Uppalaguptam Mandal', 2),
(3200, 'Uppalaguptan Mandal', 2),
(3201, 'Kothapeta Taluk', 2),
(3202, 'Kothapeta', 2),
(3203, 'Kothapeta Mandal', 2),
(3204, 'Mandapeta', 2),
(3205, 'Atreyapuram', 2),
(3206, 'Atreyapuram Mandal', 2),
(3207, 'Ravulapalem', 2),
(3208, 'Atreypauram', 2),
(3209, 'Ravulapalem Mandal', 2),
(3210, 'D.Gannavaram Mandal', 2),
(3211, 'Amabajipeta', 2),
(3212, 'Razole', 2),
(3213, 'Malikipuram', 2),
(3214, 'Razole Mandal', 2),
(3215, 'Mamidikuduru', 2),
(3216, 'Mamidikuduru Mandal', 2),
(3217, 'Sakhinetipalli', 2),
(3218, 'Sakhinetipalli Mandal', 2),
(3219, 'Malikipuram Mandal', 2),
(3220, 'Bikkavolu', 2),
(3221, 'Rayavaram', 2),
(3222, 'Anaparthy', 2),
(3223, 'Kajuluru', 2),
(3224, 'Pamaru', 2),
(3225, 'Gangavaram', 2),
(3226, 'Rampachodavaram', 2),
(3227, 'Gokavaram', 2),
(3228, 'Devipatnam', 2),
(3229, 'Maredumilli', 2),
(3230, 'Rajavommangi', 2),
(3231, 'Rangampeta', 2),
(3232, 'Sithanagram', 2),
(3233, 'Ragampeta', 2),
(3234, 'Gandepalli', 2),
(3235, 'Kapileswarapuram', 2),
(3236, 'Tuni', 2),
(3237, 'Sankhavaram', 2),
(3238, 'Kotananduru', 2),
(3239, 'Thondangi', 2),
(3240, 'West Godavari', 2),
(3241, 'Addateegala', 2),
(3242, 'Addathigala', 2),
(3243, 'Addatigala', 2),
(3244, 'Kothapalli', 2),
(3245, 'Yeleswaram', 2),
(3246, 'Kirlampudi', 2),
(3247, 'Pithapuram', 2),
(3248, 'Samalkot', 2),
(3249, 'Jaggampeta', 2),
(3250, 'Peddapuram', 2),
(3251, 'Samalkota', 2),
(3252, 'Gollaprolu', 2),
(3253, 'Tallarevu', 2),
(3254, 'Thallarevu', 2),
(3255, 'Pondicherry', 2),
(3256, 'Y .Ramavaram', 2),
(3257, 'Y Ramavaram', 2),
(3258, 'Amalapuram.', 2),
(3259, 'Eluru', 2),
(3260, 'S.V. Peta', 2),
(3261, 'S.V.Peta', 2),
(3262, 'Chataparru', 2),
(3263, 'Tadepalligudem', 2),
(3264, 'Tadepalligudem Mandalam', 2),
(3265, 'Tadepalligudem Mandaolam', 2),
(3266, 'Nallajerla', 2),
(3267, 'Nallajerla Mandal', 2),
(3268, 'Nallajerla Mandalam', 2),
(3269, 'Nallajarla Mandalam', 2),
(3270, 'Nallajarlamandalam', 2),
(3271, 'Nallajerlamandalam', 2),
(3272, 'Bhimavaram', 2),
(3273, 'Penumantra (Mdl)', 2),
(3274, 'Atchanta (Mdl)', 2),
(3275, 'Attili (Mdl)', 2),
(3276, 'Manchili (Mdl)', 2),
(3277, 'Minavilluru(Mdl)', 2),
(3278, 'Moyyeru(Mdl)', 2),
(3279, 'Pentapadu Mandalam', 2),
(3280, 'Pentapadu Mandall', 2),
(3281, 'Tanuku Mandalam', 2),
(3282, 'Tanuku Mandal', 2),
(3283, 'Pentapadu Mandal', 2),
(3284, 'Vunguturu Mandalam', 2),
(3285, 'Pentapadu', 2),
(3286, 'Pentapadumandalam', 2),
(3287, 'Nallajarla Mandal', 2),
(3288, 'Ganapavaram Mandal', 2),
(3289, 'Ganapavaram Mandalam', 2),
(3290, 'Palakoderu Mandalam', 2),
(3291, 'Undi Mandalam', 2),
(3292, 'Nidamarrumandalam', 2),
(3293, 'Nidamarry Mandal', 2),
(3294, 'Ganapavaramm Andalam', 2),
(3295, 'Ganapavaramandalam', 2),
(3296, 'Ganapavarammandal', 2),
(3297, 'Ganapavarammandalam', 2),
(3298, 'Undi (Mdl)', 2),
(3299, 'Bhimavaram (Mdl)', 2),
(3300, 'Kalla (Mdl)', 2),
(3301, 'Bhimavaram(Mdl)', 2),
(3302, 'Palakoderu (Mdl)', 2),
(3303, 'Tanuku', 2),
(3304, 'Tanuku (Mdl)', 2),
(3305, 'Vundrajavaram (Mdl)', 2),
(3306, 'Iragavaram (Mdl)', 2),
(3307, 'Velpur (Mdl)', 2),
(3308, 'Iragavaram(Mdl)', 2),
(3309, 'U.Varam(Mdl)', 2),
(3310, 'Akividu (Mdl)', 2),
(3311, 'Viravasaram(Mdl)', 2),
(3312, 'Palakoderu(Mdl)', 2),
(3313, 'Viravasaram (Mdl)', 2),
(3314, 'Palacole', 2),
(3315, 'Palakol (Mdl)', 2),
(3316, 'Palakol(Mdl)', 2),
(3317, 'Ellamanchili (Mdl)', 2),
(3318, 'Poduru (Mdl)', 2),
(3319, 'Narasapuram', 2),
(3320, 'Narsapur (Mdl)', 2),
(3321, 'Mogalturu(Mdl)', 2),
(3322, 'Nidadavole', 2),
(3323, 'Nidadavolemandalam', 2),
(3324, 'Kovvuru Mandalam', 2),
(3325, 'Nidadavole Mandalam', 2),
(3326, 'Chagallu Mandalam', 2),
(3327, 'Devarapalli Mandalam', 2),
(3328, 'Nidadavole Mandal', 2),
(3329, 'Wgdt', 2),
(3330, 'Kannapuram', 2),
(3331, 'Koyyalagudem', 2),
(3332, 'Devarapalli Mandal', 2),
(3333, 'Deverapalli', 2),
(3334, 'Deverapalli Mandalam', 2),
(3335, 'Devipatnam Mandalam', 2),
(3336, 'Devipatnammandalam', 2),
(3337, 'Buttayagudem', 2),
(3338, 'Polavaram', 2),
(3339, 'Polavaram Mandalam', 2),
(3340, 'Polavarammandal', 2),
(3341, 'Polavarammandalam', 2),
(3342, 'Gopalapuram Mandal', 2),
(3343, 'Gopalapuram Mandalam', 2),
(3344, 'Buttayagudem Mandalam', 2),
(3345, 'Polavaram Mandal', 2),
(3346, 'Penugonda (Mdl)', 2),
(3347, 'Peravali (Mdl)', 2),
(3348, 'Peravali Mandalam', 2),
(3349, 'Undrajavaram Mandalam', 2),
(3350, 'Undrajavaram Mandalam.', 2),
(3351, 'Peravali', 2),
(3352, 'Poduru(Mdl)', 2),
(3353, 'Tallapudi Mandal', 2),
(3354, 'Tallapudi Mandalam', 2),
(3355, 'Chagallu Mandal', 2),
(3356, 'Chagally Mandalam', 2),
(3357, 'Kovvur', 2),
(3358, 'Kovvur Mandalam', 2),
(3359, 'Dommeru', 2),
(3360, 'Pulla', 2),
(3361, 'Kaikaram', 2),
(3362, 'Bhimadole', 2),
(3363, 'D.Tirumala', 2),
(3364, 'Dwarakatirumala', 2),
(3365, 'Gundugolanu', 2),
(3366, 'Denduluru', 2),
(3367, 'Padapadu', 2),
(3368, 'Pedapadu', 2),
(3369, 'Kovvali', 2),
(3370, 'J.R.Gudem', 2),
(3371, 'J.R.Gudem Bo', 2),
(3372, 'Jangareddigudem', 2),
(3373, 'K.Kota', 2),
(3374, 'Kamavarapukota', 2),
(3375, 'Gopannapalem', 2),
(3376, 'Lakkavaram', 2),
(3377, 'Tadikalapudi', 2),
(3378, 'Jeelugumilli', 2),
(3379, 'Chintalapudi', 2),
(3380, 'Pragadavaram', 2),
(3381, 'Dharmajigudem', 2),
(3382, 'T.Narasapuram', 2),
(3383, 'Vijaayrai', 2),
(3384, 'Vijayarai', 2),
(3385, 'Bondapalli', 2),
(3386, 'Denkada', 2),
(3387, 'Nellimarla', 2),
(3388, 'Apspqrs', 2),
(3389, 'B.Tallavalasa', 2),
(3390, 'Garividi', 2),
(3391, 'Gurla', 2),
(3392, 'Meraka Mudidam', 2),
(3393, 'Badangi', 2),
(3394, 'Therlam', 2),
(3395, 'Sigadam', 2),
(3396, 'Chipurupalle', 2),
(3397, 'Anathagiri', 2),
(3398, 'S Kota', 2),
(3399, 'Vepada', 2),
(3400, 'Srungavarapukota', 2),
(3401, 'Bonangi', 2),
(3402, 'Gantyada', 2),
(3403, 'S.Kota.', 2),
(3404, 'L Kota', 2),
(3405, 'Kothavalasa', 2),
(3406, 'Pusapatirega', 2),
(3407, 'Konada', 2),
(3408, 'Jami', 2),
(3409, 'Mentada', 2),
(3410, 'Bhogapuram', 2),
(3411, 'Ramathirtam', 2),
(3412, 'Kotagandredu', 2),
(3413, 'Pedamajjipalem', 2),
(3414, 'Alamanada', 2),
(3415, 'Alamanda', 2),
(3416, 'Alamanda Rs', 2),
(3417, 'Gajapathinagaram', 2),
(3418, 'Gajapathinagram', 2),
(3419, 'Moida', 2),
(3420, 'Garugubilli', 2),
(3421, 'Parvatipuram', 2),
(3422, 'Parvathipuram', 2),
(3423, 'Komarada', 2),
(3424, 'Gummalakshmipuram', 2),
(3425, 'Kurupam', 2),
(3426, 'Jiyyammavalasa', 2),
(3427, 'Makkuva', 2),
(3428, 'Seethanagaram', 2),
(3429, 'Balijipeta', 2),
(3430, 'Salur', 2),
(3431, 'Bobbili', 2),
(3432, 'Dattirajeru', 2),
(3433, 'Dattirajeru Bo', 2),
(3434, 'Ramabhadrapuram', 2),
(3435, 'Datti Rajeru', 2),
(3436, 'Pachipenta', 2),
(3437, 'Pedamanapuram', 2),
(3438, 'Challapeta', 2),
(3439, 'Jiyyammavalsa', 2),
(3440, 'Bangalore', 17),
(3441, 'Bangalore North', 17),
(3442, 'Bangalore South', 17),
(3443, 'Banglore', 17),
(3444, 'Hosakote', 17),
(3445, 'Anekal', 17),
(3446, 'Magadi', 17),
(3447, 'Pavagada', 17),
(3448, 'Dod Ballapur', 17),
(3449, 'Dodballapura', 17),
(3450, 'Doddaballapura', 17),
(3451, 'Dodbalapura', 17),
(3452, 'Gauribidanur', 17),
(3453, 'Bagepalli', 17),
(3454, 'Kolar', 17),
(3455, 'Chik Ballapur', 17),
(3456, 'Gudibanda', 17),
(3457, 'Chickballapur', 17),
(3458, 'Gaurobidanur', 17),
(3459, 'Gauribidanure', 17),
(3460, 'Gauribidnur', 17),
(3461, 'Venkatapura', 17),
(3462, 'Guribidanur', 17),
(3463, 'Sidlaghatta', 17),
(3464, 'Sidlghatta', 17),
(3465, 'Channapatna', 17),
(3466, 'Ramanagar', 17),
(3467, 'Ramanagara', 17),
(3468, 'Ramangara', 17),
(3469, 'Devanahalli', 17),
(3470, 'Devanhalli', 17),
(3471, 'Nelamangala', 17),
(3472, 'Kanakapura', 17),
(3473, 'Hoskote', 17),
(3474, 'Dharwad', 17),
(3475, 'Nelamagala', 17),
(3476, 'Kanakapaura', 17),
(3477, 'Ramangaram', 17),
(3478, 'Bangaloresouth', 17),
(3479, 'Bg South', 17),
(3480, 'Bgsouth', 17),
(3481, 'Nla & Bgsouth', 17),
(3482, 'Banglorenorth', 17),
(3483, 'Bg North', 17),
(3484, 'Bgnorth', 17),
(3485, 'Ramanagaram', 17),
(3486, 'Doddaballpura', 17),
(3487, 'Doddabllapur', 17),
(3488, 'Bangarapet', 17),
(3489, 'Bangarpet', 17),
(3490, 'Bangarpet Tq', 17),
(3491, 'Bngarpet', 17),
(3492, 'Chintamani', 17),
(3493, 'Srinivasapura', 17),
(3494, 'Srinivaspur', 17),
(3495, 'Srinivsapur', 17),
(3496, 'Mulbagal', 17),
(3497, 'Malur', 17),
(3498, 'Chintamanij', 17),
(3499, 'Malavalli', 17),
(3500, 'Mysore', 17),
(3501, 'H D Kote', 17),
(3502, 'Kollegal', 17),
(3503, 'T Narasipura', 17),
(3504, 'Periyapatna', 17),
(3505, 'Hunsur', 17),
(3506, 'Piriyapatna', 17),
(3507, 'Gundlupet', 17),
(3508, 'Chamarajanagara', 17),
(3509, 'Nanjangud', 17),
(3510, 'T Naraipura', 17),
(3511, 'Gundluper', 17),
(3512, 'Heggadadevankote', 17),
(3513, 'Arkalgud', 17),
(3514, 'Arsikere', 17),
(3515, 'Chamarajanagar', 17),
(3516, 'Aland', 17),
(3517, 'Tirumakudal Narsipur', 17),
(3518, 'Sorab', 17),
(3519, 'Alur', 17),
(3520, 'Bilgi', 17),
(3521, 'Madikeri', 17),
(3522, 'Virajpet', 17),
(3523, 'Kodagu', 17),
(3524, 'Koduru', 17),
(3525, 'Somvarpet', 17),
(3526, 'Somwarpet', 17),
(3527, 'Somarpet', 17),
(3528, 'Krishnarajpet', 17),
(3529, 'Mandya', 17),
(3530, 'Mangalore', 17),
(3531, 'Maddur', 17),
(3532, 'Shrirangapattana', 17),
(3533, 'Srirangapatna', 17),
(3534, 'Nagamangala', 17),
(3535, 'K.R.Pete', 17),
(3536, 'Pandavapura', 17),
(3537, 'K.E.Pete', 17),
(3538, 'Yelandur', 17),
(3539, 'Gubbi', 17),
(3540, 'Belur', 17),
(3541, 'Devadurga', 17),
(3542, 'Channarayapatna', 17),
(3543, 'Davanagere', 17),
(3544, 'K R Nagar', 17),
(3545, 'Hebbalu', 17),
(3546, 'Kannur', 17),
(3547, 'Sriranagapatna', 17),
(3548, 'Challakere', 17),
(3549, 'Tumkur', 17),
(3550, 'Kunigal', 17),
(3551, 'Madhugiri', 17),
(3552, 'Sira', 17),
(3553, 'Tiptur', 17),
(3554, 'C.N.Halli', 17),
(3555, 'C.N.Hally', 17),
(3556, 'Koratagere', 17),
(3557, 'Korategere', 17),
(3558, 'Hiriyur', 17),
(3559, 'Chitradurga', 17),
(3560, 'Shikarpur', 17),
(3561, 'Turuvekere', 17),
(3562, 'Chikkanayakanahlli', 17),
(3563, 'Chiknayakanhalli', 17),
(3564, 'C.N. Halli', 17),
(3565, 'Tiptir', 17),
(3566, 'C N Halli', 17),
(3567, 'Arskiere', 17),
(3568, 'Channarayapatana', 17),
(3569, 'Channarayaptna', 17),
(3570, 'Hosadurga', 17),
(3571, 'Hassan', 17),
(3572, 'Channrayapatna', 17),
(3573, 'Arsiekre', 17),
(3574, 'Arsikre', 17),
(3575, 'Sakleshpur', 17),
(3576, 'Saklehspur', 17),
(3577, 'Arakalagud', 17),
(3578, 'Kadur', 17),
(3579, 'Channaryapatna', 17),
(3580, 'Sakleshpura', 17),
(3581, 'Arkalagud', 17),
(3582, 'Arkalud', 17),
(3583, 'Skaleshpur', 17),
(3584, 'Holenarasipur', 17),
(3585, 'Holenarasipura', 17),
(3586, 'Holenarsipur', 17),
(3587, 'Hole Narsipur', 17),
(3588, 'Holeanarasipur', 17),
(3589, 'Holeanrasipur', 17),
(3590, 'Hagaribommanahalli', 17),
(3591, 'Karkal', 17),
(3592, 'Karkala', 17),
(3593, 'Udupi', 17),
(3594, 'Belthangady', 17),
(3595, 'Kushtagi', 17),
(3596, 'Bantval', 17),
(3597, 'Bantwal', 17),
(3598, 'Ullal', 17),
(3599, 'Pudu', 17),
(3600, 'Thumbe', 17),
(3601, 'Puttur', 17),
(3602, 'Sullia', 17),
(3603, 'Sulya', 17),
(3604, 'Beltangadi', 17),
(3605, 'Belthagady', 17),
(3606, 'Puttur(Dk)', 17),
(3607, 'Adyar', 17),
(3608, 'Kundapura', 17),
(3609, 'Kundpaura', 17),
(3610, 'Navunda', 17),
(3611, 'Davangere', 17),
(3612, 'Chikmagalur', 17),
(3613, 'Koppa', 17),
(3614, 'Narasimharajapura', 17),
(3615, 'Mudigere', 17),
(3616, 'Bhadravati', 17),
(3617, 'Shimoga', 17),
(3618, 'Tarikere', 17),
(3619, 'Chikamaglur', 17),
(3620, 'Sringeri', 17),
(3621, 'Mudigee', 17),
(3622, 'Srineri', 17),
(3623, 'Honnali', 17),
(3624, 'Tirthahalli', 17),
(3625, 'Afzalpur', 17),
(3626, 'Channagiri', 17),
(3627, 'Sagar', 17),
(3628, 'Thirthahalli', 17),
(3629, 'Bhadravathi', 17),
(3630, 'Shimogai', 17),
(3631, 'Tarikee', 17),
(3632, 'Bhadravaathi', 17),
(3633, 'Bhadravathii', 17),
(3634, 'Hosanagara', 17),
(3635, 'Soraba', 17),
(3636, 'Hosanagar', 17),
(3637, 'Shikaripura', 17),
(3638, 'Thrithahalli', 17),
(3639, 'Jagalur', 17),
(3640, 'Hodadurga', 17),
(3641, 'Harihara', 17),
(3642, 'Harihra', 17),
(3643, 'Holalkere', 17),
(3644, 'Hoadurga', 17),
(3645, 'Molakalmuru', 17),
(3646, 'Davanangere', 17),
(3647, 'Harihar', 17),
(3648, 'Badami', 17),
(3649, 'Aurad', 17),
(3650, 'Hasadurga', 17),
(3651, 'Hariahra', 17),
(3652, 'Dharwar', 17),
(3653, 'Hubli', 17),
(3654, 'Kundgol', 17),
(3655, 'Navalgund', 17),
(3656, 'Kalgahtagi', 17),
(3657, 'Kalghatgi', 17),
(3658, 'Hangal', 17),
(3659, 'Byadgi', 17),
(3660, 'Haveri', 17),
(3661, 'Hirekerur', 17),
(3662, 'Hirekrur', 17),
(3663, 'Ranebennur', 17),
(3664, 'Ranibennur', 17),
(3665, 'Kungol', 17),
(3666, 'Gadag', 17),
(3667, 'Savanur', 17),
(3668, 'Hirekeruru', 17),
(3669, 'Supa', 17),
(3670, 'Shiggaon', 17),
(3671, 'Joida', 17),
(3672, 'Indi', 17),
(3673, 'Naregal', 17),
(3674, 'Jevargi', 17),
(3675, 'Bhatkal', 17),
(3676, 'Kalaghatgi', 17),
(3677, 'Kalgahtgi', 17),
(3678, 'Kalghatagi', 17),
(3679, 'Ranebennur`', 17),
(3680, 'Navalagund', 17),
(3681, 'Shiggoan', 17),
(3682, 'Chitapur', 17),
(3683, 'Belgaum', 17),
(3684, 'Karwar', 17),
(3685, 'Ankola', 17),
(3686, 'Sirsi', 17),
(3687, 'Kumta', 17),
(3688, 'Siddapur', 17),
(3689, 'Honavar', 17),
(3690, 'Haliyal', 17),
(3691, 'Yellapur', 17),
(3692, 'Mundgod', 17),
(3693, 'Yellpur', 17),
(3694, 'Sidddapur', 17),
(3695, 'Yellpaur', 17),
(3696, 'Ron', 17),
(3697, 'Mudargo', 17),
(3698, 'Mundargi', 17),
(3699, 'Shirahatti', 17),
(3700, 'Shiratti', 17),
(3701, 'Shirhatti', 17),
(3702, 'Shirahaati', 17),
(3703, 'Shorapur', 17),
(3704, 'Nargund', 17),
(3705, 'Harapanahalli', 17),
(3706, 'Bellary', 17),
(3707, 'Sandur', 17),
(3708, 'Siruguppa', 17),
(3709, 'Haralpanahalli', 17),
(3710, 'Kudligi', 17),
(3711, 'Hospet', 17),
(3712, 'Kudlgi', 17),
(3713, 'Harapanahallli', 17),
(3714, 'Hb Halli', 17),
(3715, 'Huvinahadagali', 17),
(3716, 'Hadagalli', 17),
(3717, 'Huvinhadagali', 17),
(3718, 'Huvinagadagali', 17),
(3719, 'H B Halli', 17),
(3720, 'Hospet Ho', 17),
(3721, 'Koppal', 17),
(3722, 'Gangavathi', 17),
(3723, 'Gangavati', 17),
(3724, 'Gangawati', 17),
(3725, 'Gangvathi', 17),
(3726, 'Gamgavati', 17),
(3727, 'Gamgavatjhi', 17),
(3728, 'Gangavthi', 17),
(3729, 'Yelburga', 17),
(3730, 'Yelbulrga', 17),
(3731, 'Ganagavati', 17),
(3732, 'Yelbuarga', 17),
(3733, 'Yelbura', 17),
(3734, 'Kioppal', 17),
(3735, 'Yelbarga', 17),
(3736, 'Raichur', 17),
(3737, 'Mudhol', 17),
(3738, 'Gangavahi', 17),
(3739, 'Kushtagui', 17),
(3740, 'Kustagi', 17),
(3741, 'Kukshtagi', 17),
(3742, 'Kukshtgai', 17),
(3743, 'Kustgai', 17),
(3744, 'Kusthagi', 17),
(3745, 'Kusthgati', 17),
(3746, 'Kukstagai', 17),
(3747, 'Kukstagi', 17),
(3748, 'Kushatagi', 17),
(3749, 'Kustagai', 17),
(3750, 'Kustagao', 17),
(3751, 'Gamgavathi', 17),
(3752, 'Deodurga', 17),
(3753, 'Lingasugur', 17),
(3754, 'Lingsugur', 17),
(3755, 'Manvi', 17),
(3756, 'Sindhanur', 17),
(3757, 'Sindhnur', 17),
(3758, 'Gulbarga', 17),
(3759, 'Yadgir', 17),
(3760, 'Yadgiri', 17),
(3761, 'Yadgri', 17),
(3762, 'Sedam', 17),
(3763, 'Chittapur', 17),
(3764, 'Afjalpur', 17),
(3765, 'Jewargi', 17),
(3766, 'Jewargio', 17),
(3767, 'Shorpaur', 17),
(3768, 'Shahapur', 17),
(3769, 'Shahpur', 17),
(3770, 'Bidar', 17),
(3771, 'Homnabad', 17),
(3772, 'Humnabad', 17),
(3773, 'Bagalkot', 17),
(3774, 'Basavakalyan', 17),
(3775, 'Afjlpur', 17),
(3776, 'Asfjalpur', 17),
(3777, 'Chincholi', 17),
(3778, 'Auad (B)', 17),
(3779, 'Aurad (B)', 17),
(3780, 'Aurad(B)', 17),
(3781, 'Bhalki', 17),
(3782, 'Auarad (B)', 17),
(3783, 'Bijapur', 17),
(3784, 'B.Bagewadi', 17),
(3785, 'Jamkhandi', 17),
(3786, 'Sindgi', 17),
(3787, 'Muddebihal', 17),
(3788, 'Jamakhandi', 17),
(3789, 'Singi', 17),
(3790, 'Basavana Bagevadi', 17),
(3791, 'Chikodi', 17),
(3792, 'B..Bagewadi', 17),
(3793, 'B Bagewadi', 17),
(3794, 'Hungund', 17),
(3795, 'Hungund Taluk', 17),
(3796, 'Jamkandi', 17),
(3797, 'Jqamkhandi', 17),
(3798, 'Gokak', 17),
(3799, 'Bailhongal', 17),
(3800, 'Sampgaon', 17),
(3801, 'Saundatti', 17),
(3802, 'Khanapur', 17),
(3803, 'Hukeri', 17),
(3804, 'Ramdurg', 17),
(3805, 'Bailhogal', 17),
(3806, 'Londa', 17),
(3807, 'Parasgad', 17),
(3808, 'Athani', 17),
(3809, 'Athni', 17),
(3810, 'Raibag', 17),
(3811, 'Kerur', 17),
(3812, 'Raybag', 17),
(3813, 'Pondicherry', 35),
(3814, 'Chennai', 35),
(3815, 'Chennai City North', 35),
(3816, 'Tondiarpet Fort St George', 35),
(3817, 'Tondiarpet Fort St Goerge', 35),
(3818, 'Perambur Purasawalkam', 35),
(3819, 'Egmore Nungambakka', 35),
(3820, 'Egmore Nungambakkam', 35),
(3821, 'Chennai City Corporation', 35),
(3822, 'Saidapet', 35),
(3823, 'Sriperumbudur', 35),
(3824, 'Ambattur', 35),
(3825, 'Tambaram', 35),
(3826, 'Egmore Nungambakkm', 35),
(3827, 'Mylapore - Triplicane', 35),
(3828, 'Chinglepet', 35),
(3829, 'Vellore', 35),
(3830, 'Ponneri', 35),
(3831, 'Poonamallee', 35),
(3832, 'Poonamalee', 35),
(3833, 'Gummidipoondi', 35),
(3834, 'Avadi', 35),
(3835, 'Viluppuram', 35),
(3836, 'Perambur Purawalkam', 35),
(3837, 'Chennai City South', 35),
(3838, 'Maduravoyal', 35),
(3839, 'Chennai Corporation', 35),
(3840, 'Tiruvallur', 35),
(3841, 'Mambalam', 35),
(3842, 'Kancheepuram', 35),
(3843, 'Chennai City', 35),
(3844, 'Chengalpattu', 35),
(3845, 'Sholinganallur', 35),
(3846, 'Tiruporur', 35),
(3847, 'Kanchipuram', 35),
(3848, 'Uttukottai', 35),
(3849, 'Gummidipundi', 35),
(3850, 'Gummidipundii', 35),
(3851, 'Gummidpundi', 35),
(3852, 'Thiruvallur', 35),
(3853, 'Tiurvallur', 35),
(3854, 'Uthukkottai', 35),
(3855, 'Palavakkam', 35),
(3856, 'Mangadu', 35),
(3857, 'Porur', 35),
(3858, 'Tirukalikundram', 35),
(3859, 'Tirukalukundram', 35),
(3860, 'Tiruklalikundram', 35),
(3861, 'Chingleput', 35),
(3862, 'Tirukalilkundram', 35),
(3863, 'Uthiramerur', 35),
(3864, 'Uttiramerur', 35),
(3865, 'Maduranthakam', 35),
(3866, 'Utiramerur', 35),
(3867, 'Chengalpattu Taluk', 35),
(3868, 'Sembakkam', 35),
(3869, 'Tirulkalikundram', 35),
(3870, 'Tirukalikundram`', 35),
(3871, 'Chingelpet', 35),
(3872, 'Madurantakam', 35),
(3873, 'Chengalplattu', 35),
(3874, 'Chengallpattu', 35),
(3875, 'Chengalpatatu', 35),
(3876, 'Sriperubudur Taluk', 35),
(3877, 'Cheyur', 35),
(3878, 'Cheyyur', 35),
(3879, 'Tindivanam', 35),
(3880, 'Vanur', 35),
(3881, 'Gingee', 35),
(3882, 'Tindivaman', 35),
(3883, 'Velur', 35),
(3884, 'Tindvanam', 35),
(3885, 'Karur', 35),
(3886, 'Tiruvannamalai', 35),
(3887, 'Vandavasi', 35),
(3888, 'Cuddalore', 35),
(3889, 'Desur', 35),
(3890, 'Kilpennathur', 35),
(3891, 'Villupuram', 35),
(3892, 'Pondichery', 35),
(3893, 'Kottakuppam', 35),
(3894, 'Nettapakkam Commune Panchayat', 35),
(3895, 'Villianur Commune Panchayat', 35),
(3896, 'Villupurm', 35),
(3897, 'Vikravandi', 35),
(3898, 'Tirukkoyilur', 35),
(3899, 'Sankarapuram', 35),
(3900, 'Ariyur', 35),
(3901, 'Arakandanallur', 35),
(3902, 'Manalurpet', 35),
(3903, 'Vriddhachalam', 35),
(3904, 'Kadambur', 35),
(3905, 'Virudhachalam', 35),
(3906, 'Ulundurpet', 35),
(3907, 'Ulundurpettai', 35),
(3908, 'Tittagudi', 35),
(3909, 'Tittakudi', 35),
(3910, 'Pennadam', 35),
(3911, 'Chinnasalem', 35),
(3912, 'Kallakurichi', 35),
(3913, 'Kallakkurichi', 35),
(3914, 'Sankapuram', 35),
(3915, 'Nallur', 35),
(3916, 'Chengam', 35),
(3917, 'Mangalam', 35),
(3918, 'Vettavalam', 35),
(3919, 'Polur', 35),
(3920, 'Kalambur', 35),
(3921, 'Panruti', 35),
(3922, 'Nellikuppam', 35),
(3923, 'Neyveli', 35),
(3924, 'Chidambaram', 35),
(3925, 'Kattumannarkoil', 35),
(3926, 'Lalpet', 35),
(3927, 'Chidabamram', 35),
(3928, 'Parangipettai', 35),
(3929, 'Bhuvanagiri', 35),
(3930, 'Kattmannarkoil', 35),
(3931, 'Kattumanarkoil', 35),
(3932, 'Kattumannarkioil', 35),
(3933, 'Kattummannarkoil', 35),
(3934, 'Srimushnam', 35),
(3935, 'Alapakkam', 35),
(3936, 'Jayamkondacholapuram', 35),
(3937, 'Udayarpalayam', 35),
(3938, 'Mayiladuthurai', 35),
(3939, 'Thanjavur', 35),
(3940, 'Sirkali', 35),
(3941, 'Tharangambadi', 35),
(3942, 'Sirkali Tk', 35),
(3943, 'Nagapattinam', 35),
(3944, 'Mayiaduthurai', 35),
(3945, 'Tirupanandal', 35),
(3946, 'Tarangambadi', 35),
(3947, 'Tharangampadi', 35),
(3948, 'Nannilam', 35),
(3949, 'Kodavasal', 35),
(3950, 'Karaikal', 35),
(3951, 'Thirunallar Commune Panchayat', 35),
(3952, 'Nedungadu Commune Panchayat', 35),
(3953, 'Neravy Commune Panchayat', 35),
(3954, 'Thirumalairayan Pattinam Commu', 35),
(3955, 'Kottucherry Commune Panchayat', 35),
(3956, 'Kumbakonam', 35),
(3957, 'Kuttalam', 35),
(3958, 'Tiruvidamarudur', 35),
(3959, 'Thiruvidaimarudur', 35),
(3960, 'Thiruvarur', 35),
(3961, 'Tiruvarur', 35),
(3962, 'Mannarkudi', 35),
(3963, 'Needamangalam', 35),
(3964, 'Kilvelur', 35),
(3965, 'Thirukkuvalai', 35),
(3966, 'Tirukkuvalai', 35),
(3967, 'Tiruturaipundi', 35),
(3968, 'Tiruturipundi', 35),
(3969, 'Tirukuvalai', 35),
(3970, 'Mannargudi', 35),
(3971, 'Thiruthuraipoondi', 35),
(3972, 'Nidamangalam', 35),
(3973, 'Tiurkuvalai', 35),
(3974, 'Manali', 35),
(3975, 'Vedaraniam', 35),
(3976, 'Vedaranyam', 35),
(3977, 'Papanasam', 35),
(3978, 'Valangaiman', 35),
(3979, 'Tiruppanandal', 35),
(3980, 'Tiruvidaimarudur', 35),
(3981, 'Kodavasla', 35),
(3982, 'Valangaman', 35),
(3983, 'Ariyalur', 35),
(3984, 'Thiruvaiyaru', 35),
(3985, 'Gandarvakkottai', 35),
(3986, 'Gandarvakotai', 35),
(3987, 'Gandarvakottai', 35),
(3988, 'Koradacherry', 35),
(3989, 'Pattukottai', 35),
(3990, 'Orattanad', 35),
(3991, 'Peraiyur', 35),
(3992, 'Coimbatore', 35),
(3993, 'Pattukkottai', 35),
(3994, 'Peravurani', 35),
(3995, 'Peravurni', 35),
(3996, 'Patukottai', 35),
(3997, 'Orathanadu', 35),
(3998, 'Arantangi', 35),
(3999, 'Aranthangi', 35),
(4000, 'Aratangi', 35),
(4001, 'Manamelkudi', 35),
(4002, 'Avadaiyarkoil', 35),
(4003, 'Avudayarkoil', 35),
(4004, 'Alangudi', 35),
(4005, 'Aranangi', 35),
(4006, 'Vedarniam', 35),
(4007, 'Tiruchirappalli', 35),
(4008, 'Srirangam', 35),
(4009, 'Thuraiyur', 35),
(4010, 'Turaiyur', 35),
(4011, 'Musiri', 35),
(4012, 'Manachanalloor', 35),
(4013, 'Manachanallur', 35),
(4014, 'Thottiam', 35),
(4015, 'Perambalur', 35),
(4016, 'Veppanthattai', 35),
(4017, 'Kunnam', 35),
(4018, 'Lalgudi', 35),
(4019, 'Trichy', 35),
(4020, 'Thottiyam', 35),
(4021, 'Kulithalai', 35),
(4022, 'Kulittalai', 35),
(4023, 'Manaparai', 35),
(4024, 'Manapparai', 35),
(4025, 'Illupur', 35),
(4026, 'Thirumayam', 35),
(4027, 'Tiruppathur', 35),
(4028, 'Illuppur', 35),
(4029, 'Iluppur', 35),
(4030, 'Kulathur', 35),
(4031, 'Sendurai', 35),
(4032, 'Tiruchirapalli', 35),
(4033, 'Jayamkondcholapuram', 35),
(4034, 'Jayamkondocholapuram', 35),
(4035, 'Pudukkottai', 35),
(4036, 'Pudukkottai--', 35),
(4037, 'Pudukottai', 35),
(4038, 'Annavasal', 35),
(4039, 'Tirumayam', 35),
(4040, 'Tirumayaaam', 35),
(4041, 'Nerkuppai', 35),
(4042, 'Tirumayaam', 35),
(4043, 'Sivaganga', 35),
(4044, 'Kanadukathan', 35),
(4045, 'Kandanur', 35),
(4046, 'Kottaiyur', 35),
(4047, 'Pallathur', 35),
(4048, 'Kamudhi', 35),
(4049, 'Kamuthi', 35),
(4050, 'Kadaladi', 35),
(4051, 'Tiruvadanai', 35),
(4052, 'Devakottai', 35),
(4053, 'Ramanathapuram', 35),
(4054, 'Rameswaram', 35),
(4055, 'Paramakudi', 35),
(4056, 'Nattarasankottai', 35),
(4057, 'Kamudi', 35),
(4058, 'Mudukulathur', 35),
(4059, 'Dindigul', 35),
(4060, 'Vedasandur', 35),
(4061, 'Kodaikanal', 35),
(4062, 'Nilakkottai', 35),
(4063, 'Nilakottai', 35),
(4064, 'Vadipatti', 35),
(4065, 'Sevugampatti', 35),
(4066, 'Pallapatti', 35),
(4067, 'Natham', 35),
(4068, 'Madurai', 35),
(4069, 'Singampuneri', 35),
(4070, 'Palani', 35),
(4071, 'Erode', 35),
(4072, 'Oddanchatram', 35),
(4073, 'Madurai South', 35),
(4074, 'Madurai North', 35),
(4075, 'Tirumangalam', 35),
(4076, 'Melur', 35),
(4077, 'Periyakulam', 35),
(4078, 'Thirumangalam', 35),
(4079, 'Paravai', 35),
(4080, 'Andipatti', 35),
(4081, 'Aundipatti', 35),
(4082, 'Bodinayakanur', 35),
(4083, 'Usilampatti', 35),
(4084, 'Theni', 35),
(4085, 'Uthamapalayam', 35),
(4086, 'Tirumangalam Taluk', 35),
(4087, 'Virudhunagar', 35),
(4088, 'Vriudhunagar', 35),
(4089, 'Aruppukkottai', 35),
(4090, 'Aruppukottai', 35),
(4091, 'Rajapalayam', 35),
(4092, 'Sattur', 35),
(4093, 'Srivilliputtur', 35),
(4094, 'Sivakasi', 35),
(4095, 'Kariapatti', 35),
(4096, 'Srivilliputhur', 35),
(4097, 'Tiruchuli', 35),
(4098, 'Ettayapuram', 35),
(4099, 'Chinnamanur', 35),
(4100, 'Highways', 35),
(4101, 'Kamayagoundanpatti', 35),
(4102, 'Kombai', 35),
(4103, 'Pannaipuram', 35),
(4104, 'Kovilpatti', 35),
(4105, 'Pudupatti', 35),
(4106, 'Narasingapuram', 35),
(4107, 'Devadanapatti', 35),
(4108, 'Tirunelveli', 35),
(4109, 'Palayamkottai', 35),
(4110, 'Palayankottai', 35),
(4111, 'Nanguneri', 35),
(4112, 'Radhapuram', 35),
(4113, 'Ambasamudram', 35),
(4114, 'Nenguneri', 35),
(4115, 'Thoothukkudi', 35),
(4116, 'Tirunelvel;I', 35),
(4117, 'Alangulam', 35),
(4118, 'Mettur', 35),
(4119, 'Sankarankovil', 35),
(4120, 'Sankarankoil', 35),
(4121, 'Tenkasi', 35),
(4122, 'Kalugumalai', 35),
(4123, 'Sivagiri', 35),
(4124, 'Sivigiri', 35),
(4125, 'Sengottai', 35),
(4126, 'Shenkottai', 35),
(4127, 'Virakeralampudur', 35),
(4128, 'Virakerlamapudur', 35),
(4129, 'Veerapandi', 35),
(4130, 'Vilathikulam', 35),
(4131, 'Tuticorin', 35),
(4132, 'Srivaikuntam', 35),
(4133, 'Tiruchendur', 35),
(4134, 'Otapidaram', 35),
(4135, 'Ottapidaram', 35),
(4136, 'Kanam', 35),
(4137, 'Pallipattu', 35),
(4138, 'Ottapidaam', 35),
(4139, 'Satankulam', 35),
(4140, 'Rivaikuntam', 35),
(4141, 'Sathankulam', 35),
(4142, 'Vilathikulam (Kol)', 35),
(4143, 'Vilathikulam ( Kol)', 35),
(4144, 'Agastheeswaram', 35),
(4145, 'Kanyakumari', 35),
(4146, 'Vilavancode', 35),
(4147, 'Kalkulam', 35),
(4148, 'Thovala', 35),
(4149, 'Kanniyakumari', 35),
(4150, 'Killiyur', 35),
(4151, 'Thovalai', 35),
(4152, 'Agasteeswaram', 35),
(4153, 'Kulasekarapuram', 35),
(4154, 'Karaikudi', 35),
(4155, 'Karaikudi-Sakkottai Block', 35),
(4156, 'Karaikudi -Sakkottai Block', 35),
(4157, 'Karaikudi--Sakkottai Block', 35),
(4158, 'Karaikkudi', 35),
(4159, 'Karaikudi-Sakkottaiblock', 35),
(4160, 'Tiruppattur', 35),
(4161, 'Tirupattur', 35),
(4162, 'Tirupathur', 35),
(4163, 'Karaikudi-Kallal Block', 35),
(4164, 'Tiruppattur- Kallal Block', 35),
(4165, 'Karaikudi -Kallal Block', 35),
(4166, 'Karaikudi-Kallalblock', 35),
(4167, 'Tiruppattur-', 35),
(4168, 'Tiruppattur-Singampunari Block', 35),
(4169, 'Tiruppattur-Singampunariblock', 35),
(4170, 'Tiruppattur -Singsmpunariblock', 35),
(4171, 'Tiruppattur-Singamounariblock', 35),
(4172, 'Singampunari Block', 35),
(4173, 'Tirppattur-Singamounari Block', 35),
(4174, 'Manamadurai', 35),
(4175, 'Ilayangudi', 35),
(4176, 'Panapakkam', 35),
(4177, 'Tirutani', 35),
(4178, 'Tiruttani', 35),
(4179, 'Pallipat', 35),
(4180, 'Trutani', 35),
(4181, 'Sriperubudur', 35),
(4182, 'Dusi', 35),
(4183, 'Thorapadi', 35),
(4184, 'Katpadi', 35),
(4185, 'Shenbakkam', 35),
(4186, 'Pennathur', 35),
(4187, 'Konavattam', 35),
(4188, 'Vadugapatti', 35),
(4189, 'Kannamangalam', 35),
(4190, 'Ammoor', 35),
(4191, 'Kalavai', 35),
(4192, 'Timiri', 35),
(4193, 'Walajapet', 35),
(4194, 'Vilapakkam', 35),
(4195, 'Chennasamudram', 35),
(4196, 'Dharmapuri', 35),
(4197, 'Krishnagiri', 35),
(4198, 'Hosur', 35),
(4199, 'Kambainallur', 35),
(4200, 'Kadathur', 35),
(4201, 'Alangayam', 35),
(4202, 'Vaniyambadi', 35),
(4203, 'Ambur', 35),
(4204, 'Pallikonda', 35),
(4205, 'Thuthipattu', 35),
(4206, 'Salem', 35),
(4207, 'Kannankurichi', 35),
(4208, 'Kondalampatti', 35),
(4209, 'Attur', 35),
(4210, 'Gangavalli', 35),
(4211, 'Thammampatti', 35),
(4212, 'Kolathur', 35),
(4213, 'Mecheri', 35),
(4214, 'Nangavalli', 35),
(4215, 'Omalur', 35),
(4216, 'Tharamangalam', 35),
(4217, 'Harur', 35),
(4218, 'Marandahalli', 35),
(4219, 'Pennagaram', 35),
(4220, 'Pappireddipatti', 35),
(4221, 'Mohanur', 35),
(4222, 'Konganapuram', 35),
(4223, 'Poolampatti', 35),
(4224, 'Padaiveedu', 35),
(4225, 'Kalappanaickenpatti', 35),
(4226, 'Namakkal', 35),
(4227, 'Rasipuram', 35),
(4228, 'Attayampatti', 35),
(4229, 'Mallasamudram', 35),
(4230, 'Kaniyur', 35),
(4231, 'Komaralingam', 35),
(4232, 'Avanashi', 35),
(4233, 'Palladam', 35),
(4234, 'Aravakurichi', 35),
(4235, 'Krishnarayapuram', 35),
(4236, 'Kirishnarayapuram', 35),
(4237, 'Kuniyamuthur', 35),
(4238, 'Kurudampalayam', 35),
(4239, 'Othakalmandapam', 35),
(4240, 'Kalapatti', 35),
(4241, 'Irugur', 35),
(4242, 'Karamadai', 35),
(4243, 'Madukkarai', 35),
(4244, 'Vellalur', 35),
(4245, 'Chettipalayam', 35),
(4246, 'Kannampalayam', 35),
(4247, 'Pollachi', 35),
(4248, 'Kinathukadavu', 35),
(4249, 'Kovilpalayam', 35),
(4250, 'Madathukulam', 35),
(4251, 'Samathur', 35),
(4252, 'Valparai', 35),
(4253, 'Vettaikaranpudur', 35),
(4254, 'Kannur', 19),
(4255, 'Cannanore (Kannur)', 19),
(4256, 'Thalassery', 19),
(4257, 'Thalasery', 19),
(4258, 'Taliparamba', 19),
(4259, 'Cannanore', 19),
(4260, 'Taliaparamba', 19),
(4261, 'Hosdurg', 19),
(4262, 'Mananthavady', 19),
(4263, 'Vythiri', 19),
(4264, 'Manantahvady', 19),
(4265, 'Thalasseery', 19),
(4266, 'Sulthanbathery', 19),
(4267, 'Wayanad', 19),
(4268, 'Kasaragod', 19),
(4269, 'Kasargode', 19),
(4270, 'Kozhikode', 19),
(4271, 'Calicut', 19),
(4272, 'Olavanna', 19),
(4273, 'Vadakara', 19),
(4274, 'Vythiti', 19),
(4275, 'Quilandy', 19),
(4276, 'Koyilandi', 19),
(4277, 'Tirurangadi', 19),
(4278, 'Koyilani', 19),
(4279, 'Sulthan Batheri', 19),
(4280, 'Sulthan Bathery', 19),
(4281, 'Ernad', 19),
(4282, 'Eranad', 19),
(4283, 'Malapuram', 19),
(4284, 'Tirur', 19),
(4285, 'Manjeri', 19),
(4286, 'Nilambur', 19),
(4287, '#N/A', 19),
(4288, 'Perintalmanna', 19),
(4289, 'Perinthalmanna', 19),
(4290, 'Palakkad', 19),
(4291, 'Thrissur', 19),
(4292, 'Chittur', 19),
(4293, 'Alatur', 19),
(4294, 'Alathur', 19),
(4295, 'Mannarkad', 19),
(4296, 'Mannarkkad', 19),
(4297, 'Ottapalam', 19),
(4298, 'Mannarkad Q', 19),
(4299, 'Ottappalam', 19),
(4300, 'Thalapilly', 19),
(4301, 'Talappilly', 19),
(4302, 'Ottpalam', 19),
(4303, 'Ottapalam.', 19),
(4304, 'Chavakkad', 19),
(4305, 'Ponani', 19),
(4306, 'Ponnani', 19),
(4307, 'Trichur', 19),
(4308, 'Mukundapuram', 19),
(4309, 'Mukundapuram Taluk', 19),
(4310, 'Kodungallur', 19),
(4311, 'Irinjalakuda', 19),
(4312, 'Paravur', 19),
(4313, 'Mi\\Ukundapuram', 19),
(4314, 'Kochi', 19),
(4315, 'Ernakulam', 19),
(4316, 'Kanayannur', 19),
(4317, 'Kunnathunad', 19),
(4318, 'Kunnathunadu', 19),
(4319, 'Muvattupuzha', 19),
(4320, 'Aluva', 19),
(4321, 'Parur', 19),
(4322, 'Iduki', 19),
(4323, 'Peermade', 19),
(4324, 'Peerumade', 19),
(4325, 'Udumbanchola', 19),
(4326, 'Ranni', 19),
(4327, 'Idukki', 19),
(4328, 'Devikulam', 19),
(4329, 'Thodupuzha', 19),
(4330, 'Kottayam', 19),
(4331, 'Perumbaikad', 19),
(4332, 'Changanacherry', 19),
(4333, 'Changanassery', 19),
(4334, 'Kuttanad', 19),
(4335, 'Kuttanadu', 19),
(4336, 'Meenachil', 19),
(4337, 'Vaikom', 19),
(4338, 'Voikom', 19),
(4339, 'Kanjirapally', 19),
(4340, 'Kanjirappally', 19),
(4341, 'Mallappally', 19),
(4342, 'Kothamangalam', 19),
(4343, 'Ambalapuzha', 19),
(4344, 'Ambalapuha', 19),
(4345, 'Ambalappuzha', 19),
(4346, 'Ambalapuzh A', 19),
(4347, 'Alappuzha', 19),
(4348, 'Cherthala', 19),
(4349, 'Cherthla', 19),
(4350, 'Mararikulam', 19),
(4351, 'Thiruvalla', 19),
(4352, 'Tiruvalla', 19),
(4353, 'Chengannur', 19),
(4354, 'Pathanamthitta', 19),
(4355, 'Kozhenchery', 19),
(4356, 'Adoor', 19),
(4357, 'Adur', 19),
(4358, 'Kozhencherry', 19),
(4359, 'Mavelikkara', 19),
(4360, 'Mavelikara', 19),
(4361, 'Kozhencherri', 19),
(4362, 'Ranny', 19),
(4363, 'Pathanapuram', 19),
(4364, 'Kollam', 19),
(4365, 'Karthikappally', 19),
(4366, 'Karunagappaly', 19),
(4367, 'Karunagapally', 19),
(4368, 'Karunagappally', 19),
(4369, 'Kunnathur', 19),
(4370, 'Kottarakkara', 19),
(4371, 'Kottarakara', 19),
(4372, 'Kolllam', 19),
(4373, 'Adichanallur', 19),
(4374, 'Thiruvananthapuram', 19),
(4375, 'Trivandrum', 19),
(4376, 'Nedumangad', 19),
(4377, 'Trivendrum', 19),
(4378, 'Neyyattinkara', 19),
(4379, 'Chirayinkeezhu', 19),
(4380, 'Chirayinkeezh', 19),
(4381, 'Chirayinkil', 19),
(4382, 'Tiruvanathapuram', 19),
(4383, 'NA', 19),
(4384, 'Kolkata', 41),
(4385, 'Amherst Street', 41),
(4386, 'Parsibagan', 41),
(4387, 'Beleghata', 41),
(4388, 'Narkeldanga', 41),
(4389, 'Sankaritola', 41),
(4390, 'Sealdah', 41),
(4391, 'Taltala', 41),
(4392, 'Circus Avenue', 41),
(4393, 'Park Circus', 41),
(4394, 'Bediadanga', 41),
(4395, 'Picnic Garden', 41),
(4396, 'Tiljala', 41),
(4397, 'Topsia', 41),
(4398, 'A. C Lane', 41),
(4399, '24 Pgs North', 41),
(4400, 'Patipukur', 41),
(4401, 'Sreebhumi', 41),
(4402, 'Barrackpore', 41),
(4403, 'North 24 Paraganas', 41),
(4404, 'Kankurgachi', 41),
(4405, 'Phulbagan', 41),
(4406, 'Dum Dum Park', 41),
(4407, 'Jessore Road', 41),
(4408, 'North 24 Pgs', 41),
(4409, 'Belgharia', 41),
(4410, 'North 24 Parganas', 41),
(4411, 'D B Nagar', 41),
(4412, 'D B Nagr', 41),
(4413, 'Sakltlake', 41),
(4414, 'Saltlake', 41),
(4415, 'Budge Budge - I', 41),
(4416, 'South 24 Parganas', 41),
(4417, 'Saltklake', 41),
(4418, 'Vip Nagar', 41),
(4419, 'Bishnupur - I', 41),
(4420, 'Dhapa', 41),
(4421, 'Barrackpur - I', 41),
(4422, 'Titagarh]', 41);
INSERT INTO `ec_cities` (`id`, `name`, `state_id`) VALUES
(4423, 'N.C.Pukur', 41),
(4424, 'Barasat - I', 41),
(4425, 'Kadambagachi', 41),
(4426, 'Kamdevpur', 41),
(4427, 'Khilkapur', 41),
(4428, 'Mirhati', 41),
(4429, 'Noapara', 41),
(4430, 'Noapara Madhavpur', 41),
(4431, 'Bodai', 41),
(4432, 'Jagannathpur', 41),
(4433, 'Malikapur', 41),
(4434, 'Bhagyamantapur', 41),
(4435, 'Kirtipur`', 41),
(4436, 'Madanpur Krishnapur', 41),
(4437, 'Mudiahat', 41),
(4438, 'Barasat - Ii', 41),
(4439, 'Barrackpur - Ii', 41),
(4440, 'Habra - I', 41),
(4441, 'Ganti', 41),
(4442, 'Akandakeshari', 41),
(4443, 'Bagu', 41),
(4444, 'Bishnupur', 41),
(4445, 'Hatisala', 41),
(4446, 'Kadampukur', 41),
(4447, 'Kamduni', 41),
(4448, 'Kashinathpur', 41),
(4449, 'Machibhanga', 41),
(4450, 'Matiaghata', 41),
(4451, 'Patharghata', 41),
(4452, 'Pithapukuria', 41),
(4453, 'Rajarhat', 41),
(4454, 'Rohanda', 41),
(4455, 'Satbhaya', 41),
(4456, 'Shyamnagar', 41),
(4457, 'Sikharpur', 41),
(4458, 'Bhangar - Ii', 41),
(4459, 'Urttar Kashipur', 41),
(4460, 'Budge Budge', 41),
(4461, 'Budge Budge - Ii', 41),
(4462, 'Gosaba', 41),
(4463, 'Thakurpukur Mahestola', 41),
(4464, 'Baruipur', 41),
(4465, 'Sonarpur', 41),
(4466, 'Amdanga', 41),
(4467, 'New Town', 41),
(4468, 'Deshbandhunagar', 41),
(4469, 'Bally Jagachha', 41),
(4470, 'Domjur', 41),
(4471, 'Sankrail', 41),
(4472, 'Uluberia - I', 41),
(4473, 'Uluberia - Ii', 41),
(4474, 'Howrah', 41),
(4475, 'Panchla', 41),
(4476, 'Amta - Ii', 41),
(4477, 'Jagatballavpur', 41),
(4478, 'Chinsurah', 41),
(4479, 'Chinsurah - Magra', 41),
(4480, 'Hooghly', 41),
(4481, 'Addconagar', 41),
(4482, 'Goghat - Ii', 41),
(4483, 'Goghat-Ii', 41),
(4484, 'Bandel', 41),
(4485, 'Chandanagar', 41),
(4486, 'Chandannagar', 41),
(4487, 'Singur', 41),
(4488, 'Boinchi', 41),
(4489, 'Pandua', 41),
(4490, 'Ilsobamandal', 41),
(4491, 'Ilsobamandali', 41),
(4492, 'Ilsomandalai', 41),
(4493, 'Itachuna', 41),
(4494, 'Magra', 41),
(4495, 'Polba - Dadpur', 41),
(4496, 'PURULIYA', 41),
(4497, 'Serampur Uttarpara', 41),
(4498, 'Serampore', 41),
(4499, 'Bhandarhati', 41),
(4500, 'Bhanderhati', 41),
(4501, 'Dhaniakhali', 41),
(4502, 'Gurap', 41),
(4503, 'Chanditala - Ii', 41),
(4504, 'Puinan', 41),
(4505, 'Khanpur', 41),
(4506, 'Arambagh', 41),
(4507, 'Tarakeswar', 41),
(4508, 'Dasghara', 41),
(4509, 'Haripal', 41),
(4510, 'Jangipara', 41),
(4511, 'Khanakul 1B', 41),
(4512, 'Khanakul 2B', 41),
(4513, 'Khanakul I.B', 41),
(4514, 'Khanakul-1B', 41),
(4515, 'Khanakul-2B', 41),
(4516, 'Burdwan', 41),
(4517, 'Pursurah', 41),
(4518, 'Arambag', 41),
(4519, 'Khanakul-I', 41),
(4520, 'Raina', 41),
(4521, 'Pursura', 41),
(4522, 'Pursurah.', 41),
(4523, 'Khanakul2B', 41),
(4524, 'KRISHNAGAR', 41),
(4525, 'Balagarh', 41),
(4526, 'Bansberia', 41),
(4527, 'Guptipara', 41),
(4528, 'Nayasarai', 41),
(4529, 'Khamargachi', 41),
(4530, 'Goghat-I', 41),
(4531, 'Goghat-1', 41),
(4532, 'Goghat - I', 41),
(4533, 'Chanditala - I', 41),
(4534, 'Chandangar', 41),
(4535, 'Burdwan - I', 41),
(4536, 'Galsi - I', 41),
(4537, 'Bhatar', 41),
(4538, 'Kalna', 41),
(4539, 'Katwa', 41),
(4540, 'Ketugram - I', 41),
(4541, 'Ketugram - Ii', 41),
(4542, 'Mangolkote', 41),
(4543, 'Burdwan - Ii', 41),
(4544, 'Memari', 41),
(4545, 'Raina - I', 41),
(4546, 'Bhater', 41),
(4547, 'Ausgram - I', 41),
(4548, 'Gushkara', 41),
(4549, 'Guskara', 41),
(4550, 'Burdwan Sadar', 41),
(4551, 'Kalna - I', 41),
(4552, 'Katwa - I', 41),
(4553, 'Khandaghosh', 41),
(4554, 'Bhatart', 41),
(4555, 'Manteswar', 41),
(4556, 'Ausgram - Ii', 41),
(4557, 'Memari - I', 41),
(4558, 'Kanksa', 41),
(4559, 'Bardhaman', 41),
(4560, 'Memari - Ii', 41),
(4561, 'Durgapur Mc', 41),
(4562, 'Durgapur Municipal Corporation', 41),
(4563, 'Faridpur Durgapur', 41),
(4564, 'Asansol', 41),
(4565, 'Duragpur Mc', 41),
(4566, 'Barabani', 41),
(4567, 'Jamuria', 41),
(4568, 'Baraboni', 41),
(4569, 'Andal', 41),
(4570, 'Raniganj', 41),
(4571, 'Pandabeswar', 41),
(4572, 'Raniganj Mc', 41),
(4573, 'Kulti Mc', 41),
(4574, 'Asansol Mc', 41),
(4575, 'Salanpur', 41),
(4576, 'Jamuriahat', 41),
(4577, 'Pandaveshwar', 41),
(4578, 'Pandaveshwr', 41),
(4579, 'Raniganj Municipality', 41),
(4580, 'Laudoha', 41),
(4581, 'Jamalpur', 41),
(4582, 'Purbasthali - I', 41),
(4583, 'Kalna - Ii', 41),
(4584, 'Raina - Ii', 41),
(4585, 'Purbasthali - Ii', 41),
(4586, 'Burddwan', 41),
(4587, 'Galsi - Ii', 41),
(4588, 'Katwa - Ii', 41),
(4589, 'Midnapore', 41),
(4590, 'Binpur-I', 41),
(4591, 'Garhbeta-I', 41),
(4592, 'Garhbeta-Ii', 41),
(4593, 'MEDINIPUR ', 41),
(4594, 'Ballichak', 41),
(4595, 'Debra', 41),
(4596, 'Kharagpur', 41),
(4597, 'Pingla', 41),
(4598, 'Baligeria', 41),
(4599, 'Banisole', 41),
(4600, 'Banskuthi', 41),
(4601, 'Baranegui', 41),
(4602, 'Chandabila', 41),
(4603, 'Chilkipada', 41),
(4604, 'Dhumsai', 41),
(4605, 'Dokra', 41),
(4606, 'Dolgram', 41),
(4607, 'Kuldiha', 41),
(4608, 'Morchi', 41),
(4609, 'Nagripada', 41),
(4610, 'Paika', 41),
(4611, 'Satpautia', 41),
(4612, 'Keshpur', 41),
(4613, 'Garhbeta-Iii', 41),
(4614, 'Salbani', 41),
(4615, 'Salboni', 41),
(4616, 'Panskura', 41),
(4617, 'Panskura-Ii', 41),
(4618, 'Daspur', 41),
(4619, 'Panskura-I', 41),
(4620, 'Amda', 41),
(4621, 'Baghasti', 41),
(4622, 'Benadiha', 41),
(4623, 'Bhasra', 41),
(4624, 'Borah', 41),
(4625, 'Chakla', 41),
(4626, 'Gaganeswar', 41),
(4627, 'Ganasarisa', 41),
(4628, 'Jamsole', 41),
(4629, 'June Belda', 41),
(4630, 'Keshiary', 41),
(4631, 'Kuishgeria', 41),
(4632, 'Kukai', 41),
(4633, 'Lengamara', 41),
(4634, 'Markanda', 41),
(4635, 'Nachhipur', 41),
(4636, 'Rautarapur', 41),
(4637, 'Santrapur', 41),
(4638, 'Singaijamuna', 41),
(4639, 'Sukharole', 41),
(4640, 'Uttar Dumurkhola', 41),
(4641, 'Panskura Ii', 41),
(4642, 'Sahid Matangini', 41),
(4643, 'Barida', 41),
(4644, 'Bakrachak', 41),
(4645, 'Binandapur', 41),
(4646, 'Chhorda', 41),
(4647, 'Chunpara', 41),
(4648, 'D.S.Boni', 41),
(4649, 'Keshiapada', 41),
(4650, 'Kultikri', 41),
(4651, 'Laudaha', 41),
(4652, 'Pathra', 41),
(4653, 'Ranbonia', 41),
(4654, 'T.Mahisamunda', 41),
(4655, 'Sahidmatangini', 41),
(4656, 'Panakura', 41),
(4657, 'Sabang', 41),
(4658, 'Andhari', 41),
(4659, 'Andhari Maubhandar', 41),
(4660, 'Bachhurkhoyar', 41),
(4661, 'Baharadari', 41),
(4662, 'Bonpura', 41),
(4663, 'Narda', 41),
(4664, 'Rohini', 41),
(4665, 'Narayangarh', 41),
(4666, 'Kharagpur-I', 41),
(4667, 'Daspur-I', 41),
(4668, 'Daspur-Ii', 41),
(4669, 'Ghatal', 41),
(4670, 'Kharagpur-Ii', 41),
(4671, 'Tamluk-I', 41),
(4672, 'Garhbeta', 41),
(4673, 'Garheta', 41),
(4674, 'Jharia', 41),
(4675, 'Kalmapukhuria', 41),
(4676, 'Kharikamathani', 41),
(4677, 'Nayagram', 41),
(4678, 'Nekrasole', 41),
(4679, 'Tufuria Kalmapur', 41),
(4680, 'Tamluk', 41),
(4681, 'Chandrakona-I', 41),
(4682, 'Chandrakona-Ii', 41),
(4683, 'Hgatal', 41),
(4684, 'Ajodhyapur', 41),
(4685, 'Bahitrakunda', 41),
(4686, 'Baksispur', 41),
(4687, 'Contai', 41),
(4688, 'Damodarpur', 41),
(4689, 'Darua', 41),
(4690, 'Daudpur', 41),
(4691, 'Dhangaon', 41),
(4692, 'Durmuth', 41),
(4693, 'Fuleswar', 41),
(4694, 'Kantai', 41),
(4695, 'Mahisagote', 41),
(4696, 'Namal', 41),
(4697, 'Nayaput', 41),
(4698, 'Pailachhanpur', 41),
(4699, 'R.P.Barh', 41),
(4700, 'Sabajput', 41),
(4701, 'Srirampur', 41),
(4702, 'Tengunia', 41),
(4703, 'Alangiri', 41),
(4704, 'Baitabazar', 41),
(4705, 'Jerthan', 41),
(4706, 'Astichak', 41),
(4707, 'Atbati', 41),
(4708, 'Balageria', 41),
(4709, 'Balighai', 41),
(4710, 'Bathuary', 41),
(4711, 'Bhatda', 41),
(4712, 'Bidurpur', 41),
(4713, 'Hatbaincha', 41),
(4714, 'Jamualachimpur', 41),
(4715, 'Kajli', 41),
(4716, 'Keutgeria', 41),
(4717, 'Khejurda', 41),
(4718, 'Naskarpur', 41),
(4719, 'Pirijkhanbarh', 41),
(4720, 'Urdhabpur', 41),
(4721, 'Uttar-Tajpur', 41),
(4722, 'Balisai', 41),
(4723, 'Bodhra', 41),
(4724, 'Dakhinbadalpur', 41),
(4725, 'Deuli', 41),
(4726, 'Gopalchak', 41),
(4727, 'Karanji', 41),
(4728, 'Narandia', 41),
(4729, 'Narkuli', 41),
(4730, 'Satilapur', 41),
(4731, 'Shyampur', 41),
(4732, 'Akanda', 41),
(4733, 'Bakhrabad', 41),
(4734, 'Belda', 41),
(4735, 'Chakmahima', 41),
(4736, 'Chotta-Chatla', 41),
(4737, 'Dhalbelun', 41),
(4738, 'Dhangarpara', 41),
(4739, 'Gaita', 41),
(4740, 'Kanpur', 41),
(4741, 'Kashipur', 41),
(4742, 'Khalina', 41),
(4743, 'Lalnagar', 41),
(4744, 'Phandar', 41),
(4745, 'Reripur', 41),
(4746, 'Saljora', 41),
(4747, 'Tarua', 41),
(4748, 'Thakurchak', 41),
(4749, 'Uparjagatpur', 41),
(4750, 'Bhupatinagar', 41),
(4751, 'Mugberia', 41),
(4752, 'Purbaradhapur', 41),
(4753, 'Udbadal', 41),
(4754, 'Basuli Bazar', 41),
(4755, 'Bayenda', 41),
(4756, 'Bhaghadari', 41),
(4757, 'Dumandari', 41),
(4758, 'Angua', 41),
(4759, 'Banjhatia', 41),
(4760, 'Belmula', 41),
(4761, 'Chaulia', 41),
(4762, 'Dantan', 41),
(4763, 'Gazipur', 41),
(4764, 'Jamirapalgarh', 41),
(4765, 'Kakrajit', 41),
(4766, 'Kotepada', 41),
(4767, 'Lalitapur', 41),
(4768, 'Murabani', 41),
(4769, 'Paragana', 41),
(4770, 'Saorapin', 41),
(4771, 'Sarrang', 41),
(4772, 'Sonakonia', 41),
(4773, 'Uttar Ranibarh', 41),
(4774, 'Amtalia', 41),
(4775, 'Aurai', 41),
(4776, 'Bhawanichak', 41),
(4777, 'Deulbarh', 41),
(4778, 'Ghoraghata', 41),
(4779, 'Jamua Sankarpur', 41),
(4780, 'Kulanjara', 41),
(4781, 'Namaldiha', 41),
(4782, 'Sarada', 41),
(4783, 'Uttar Amtalia', 41),
(4784, 'Digha', 41),
(4785, 'Paya-Medinipur', 41),
(4786, 'Saripur', 41),
(4787, 'Baranihary', 41),
(4788, 'Barida Bazar', 41),
(4789, 'Bartana', 41),
(4790, 'Benachakri', 41),
(4791, 'Chhatri', 41),
(4792, 'Egra', 41),
(4793, 'Erenda', 41),
(4794, 'Kaithore', 41),
(4795, 'Khar', 41),
(4796, 'Kharuigarh', 41),
(4797, 'Rasan', 41),
(4798, 'Susunia', 41),
(4799, 'Ajoya', 41),
(4800, 'Bansgora Bazar', 41),
(4801, 'Barabari South', 41),
(4802, 'Chingurdania', 41),
(4803, 'D.Kalamdan', 41),
(4804, 'Dekhali', 41),
(4805, 'Haria', 41),
(4806, 'Jukhia Bazar', 41),
(4807, 'Krishnanagar Contai', 41),
(4808, 'Lakhi', 41),
(4809, 'Mohati', 41),
(4810, 'Subdi', 41),
(4811, 'Thakurnagar', 41),
(4812, 'Tikashi', 41),
(4813, 'Uttar Kalamdan', 41),
(4814, 'Baratala', 41),
(4815, 'Boga', 41),
(4816, 'Gopichak', 41),
(4817, 'Janka', 41),
(4818, 'Kartikkhali', 41),
(4819, 'Kasaria', 41),
(4820, 'Katka Debichak', 41),
(4821, 'Keunchia', 41),
(4822, 'Khejuri', 41),
(4823, 'Kunjapur', 41),
(4824, 'Lakshmanchak', 41),
(4825, 'Medakhali', 41),
(4826, 'Nijkasba', 41),
(4827, 'Pankhai', 41),
(4828, 'Ramchak', 41),
(4829, 'Satkhanda Sahebnagar', 41),
(4830, 'Sillyaberia', 41),
(4831, 'Baharganj', 41),
(4832, 'Chaudachulli', 41),
(4833, 'Deulpota Keshabchak', 41),
(4834, 'Haludbari', 41),
(4835, 'Jahanabad', 41),
(4836, 'Kalagachia', 41),
(4837, 'Kamarda Bazar', 41),
(4838, 'Serkhanchak', 41),
(4839, 'Takapura', 41),
(4840, 'Battala', 41),
(4841, 'Haipur', 41),
(4842, 'Khalisabhanga', 41),
(4843, 'Maitana', 41),
(4844, 'Majna', 41),
(4845, 'Mandarpur', 41),
(4846, 'Sisusadan', 41),
(4847, 'Tagaria', 41),
(4848, 'Barmakhal', 41),
(4849, 'Dhankrabanka', 41),
(4850, 'Maisali', 41),
(4851, 'Manglamaro', 41),
(4852, 'Panchuria', 41),
(4853, 'Saridaspur', 41),
(4854, 'Tagharia', 41),
(4855, 'Chhoto Srikrishnapur', 41),
(4856, 'Koria', 41),
(4857, 'Jenkapur', 41),
(4858, 'Menkapur', 41),
(4859, 'Salikotha', 41),
(4860, 'Talda Ratanchak', 41),
(4861, 'Amarda', 41),
(4862, 'Begunia', 41),
(4863, 'Mohanpur', 41),
(4864, 'Paroi', 41),
(4865, 'Rajnagar', 41),
(4866, 'Siyalsai', 41),
(4867, 'Tanua', 41),
(4868, 'East Midnapore', 41),
(4869, 'Bahurupa', 41),
(4870, 'Barakalankai', 41),
(4871, 'Bhadrakali', 41),
(4872, 'Birbira', 41),
(4873, 'Dibarpanda', 41),
(4874, 'Fulgeria', 41),
(4875, 'Handlarajgarh', 41),
(4876, 'Jhanjianankar', 41),
(4877, 'Kanthalia', 41),
(4878, 'Khurshi', 41),
(4879, 'Konarpur', 41),
(4880, 'Kotaigarh', 41),
(4881, 'Lohabaranchak', 41),
(4882, 'Makrampurbazar', 41),
(4883, 'Nankarmaguria', 41),
(4884, 'Rampura', 41),
(4885, 'Saluka', 41),
(4886, 'Sansadgopinathpur', 41),
(4887, 'Tentuliabhumjan', 41),
(4888, 'Chandanpur', 41),
(4889, 'Ghatua Purusottampur', 41),
(4890, 'Panchetgarh', 41),
(4891, 'Alamchak Belda', 41),
(4892, 'Amarpur', 41),
(4893, 'Argora', 41),
(4894, 'Ayma Barbaria', 41),
(4895, 'Bulakipur', 41),
(4896, 'Gokulpur', 41),
(4897, 'Kanakpur', 41),
(4898, 'Kekai', 41),
(4899, 'Makrampur', 41),
(4900, 'Naipur', 41),
(4901, 'North Biswanathpur', 41),
(4902, 'Patashpur', 41),
(4903, 'Satbahini', 41),
(4904, 'Ballyagobindapur', 41),
(4905, 'Chakbhabani', 41),
(4906, 'Pania', 41),
(4907, 'Pratapdighi', 41),
(4908, 'Alankarpur', 41),
(4909, 'Gobra', 41),
(4910, 'Haldia Patna', 41),
(4911, 'Hirapur', 41),
(4912, 'Jhawgeria', 41),
(4913, 'Mandar', 41),
(4914, 'Ramnagar', 41),
(4915, 'Baikunthapur', 41),
(4916, 'Bankiput', 41),
(4917, 'Basantia', 41),
(4918, 'Benichak', 41),
(4919, 'Chapatala', 41),
(4920, 'Dariapur', 41),
(4921, 'Dholmari', 41),
(4922, 'Safiabad', 41),
(4923, 'Uttarharaschak', 41),
(4924, 'Barabatia', 41),
(4925, 'Uttar Asda', 41),
(4926, 'Bandhuchak', 41),
(4927, 'Brahamankhalisa', 41),
(4928, 'Garh Haripur', 41),
(4929, 'Jahalda', 41),
(4930, 'Keut Khalisa', 41),
(4931, 'Lalat', 41),
(4932, 'Mustafapur', 41),
(4933, 'Renjura', 41),
(4934, 'Analberia', 41),
(4935, 'Basudebberia', 41),
(4936, 'Dakhin Sandalpur', 41),
(4937, 'Dhanghara', 41),
(4938, 'Dighadari', 41),
(4939, 'Gangadharchak', 41),
(4940, 'Ichabari', 41),
(4941, 'Kanaidighi', 41),
(4942, 'Kayemgeria', 41),
(4943, 'Kumirda', 41),
(4944, 'Nachinda', 41),
(4945, 'Panichiary', 41),
(4946, 'Paushi', 41),
(4947, 'Sarpai', 41),
(4948, 'Asda', 41),
(4949, 'Babla', 41),
(4950, 'Ekarukhi', 41),
(4951, 'Garh Radhanagar', 41),
(4952, 'Khakurda', 41),
(4953, 'Kushbasan', 41),
(4954, 'Laudangri', 41),
(4955, 'Mirzapur Belda', 41),
(4956, 'Porolda', 41),
(4957, 'Purunda', 41),
(4958, 'Sabra', 41),
(4959, 'Sauri', 41),
(4960, 'Turka Kashba', 41),
(4961, 'Turkagarh', 41),
(4962, 'Aswathapur', 41),
(4963, 'Bolkhusda', 41),
(4964, 'Chandanpurhat', 41),
(4965, 'Jasteghori', 41),
(4966, 'Kandagram', 41),
(4967, 'Mirgoda', 41),
(4968, 'Ranisai', 41),
(4969, 'Sadihat', 41),
(4970, 'Sadikpur', 41),
(4971, 'Sagareswar', 41),
(4972, 'Sahara', 41),
(4973, 'Kalyanpur Tentulmuri', 41),
(4974, 'Kasbagola', 41),
(4975, 'Panchrol', 41),
(4976, 'Telami', 41),
(4977, 'Barada Bazar', 41),
(4978, 'Chatla', 41),
(4979, 'Chirulia', 41),
(4980, 'Chorpalia', 41),
(4981, 'Dubda', 41),
(4982, 'Garia', 41),
(4983, 'Juki', 41),
(4984, 'Jumki', 41),
(4985, 'Khurutia', 41),
(4986, 'Kultikri Aranga', 41),
(4987, 'Negua', 41),
(4988, 'Paniparul', 41),
(4989, 'Shipur', 41),
(4990, 'Banamalichatta', 41),
(4991, 'Daisai', 41),
(4992, 'Karaldanimakbarh', 41),
(4993, 'Marisda', 41),
(4994, 'Barabantalia', 41),
(4995, 'Deshdattabarh', 41),
(4996, 'Jhawa', 41),
(4997, 'Junput', 41),
(4998, 'Paschim Bamunia', 41),
(4999, 'Bakurpada', 41),
(5000, 'Deulinekurseni', 41),
(5001, 'Garh-Monoharpur', 41),
(5002, 'Kashimpur', 41),
(5003, 'Keshrambha', 41),
(5004, 'Khatnagar', 41),
(5005, 'Kutki', 41),
(5006, 'Maljamuna', 41),
(5007, 'Nekurseni', 41),
(5008, 'Palsandapur', 41),
(5009, 'Tararui', 41),
(5010, 'Uchudiha', 41),
(5011, 'Basudebpur', 41),
(5012, 'Bhajachauli', 41),
(5013, 'Biswanathpur', 41),
(5014, 'Dhandalibarh', 41),
(5015, 'Junboni', 41),
(5016, 'Khagda', 41),
(5017, 'Mahespur', 41),
(5018, 'Murisai', 41),
(5019, 'Paschim Manikpur', 41),
(5020, 'Satmile', 41),
(5021, 'Uttar Badalpur', 41),
(5022, 'Depal', 41),
(5023, 'Manikabasan', 41),
(5024, 'Paldhui', 41),
(5025, 'Purba Madhabpur', 41),
(5026, 'Uttar Gobindapur', 41),
(5027, 'Uttar Kanpur', 41),
(5028, 'Alukaranbarh', 41),
(5029, 'Amarshi', 41),
(5030, 'Barhat', 41),
(5031, 'Hatgopalpur', 41),
(5032, 'Katranka', 41),
(5033, 'Madanmohanpur', 41),
(5034, 'Saulabheri', 41),
(5035, 'Selmabad', 41),
(5036, 'Bhuniajibarh', 41),
(5037, 'Chaulkhola', 41),
(5038, 'Dakshin Kalyanpur', 41),
(5039, 'Dakshin Kalynpur', 41),
(5040, 'Islampur', 41),
(5041, 'Kalindi', 41),
(5042, 'Kalindi Teghari', 41),
(5043, 'Pichabani', 41),
(5044, 'Argoal', 41),
(5045, 'Arjunnagar', 41),
(5046, 'Bamanbarh', 41),
(5047, 'Baraudaypur', 41),
(5048, 'Brajaballavepur', 41),
(5049, 'Itaberia', 41),
(5050, 'Jabda', 41),
(5051, 'Kalsi', 41),
(5052, 'Lalua', 41),
(5053, 'Manikjore', 41),
(5054, 'Mathura', 41),
(5055, 'Sukhakhola', 41),
(5056, 'Akpura', 41),
(5057, 'Anikola', 41),
(5058, 'Barangi', 41),
(5059, 'Borai', 41),
(5060, 'Chak Islampur', 41),
(5061, 'Dhuipada', 41),
(5062, 'Dobaria', 41),
(5063, 'Gomunda', 41),
(5064, 'Kumarda', 41),
(5065, 'Matibaruan', 41),
(5066, 'Nilda', 41),
(5067, 'Remu', 41),
(5068, 'Sautia', 41),
(5069, 'Bankibheri', 41),
(5070, 'Bhimeswaribazar', 41),
(5071, 'Bibhisanpur', 41),
(5072, 'Noonhanda', 41),
(5073, 'Palpara', 41),
(5074, 'Panchahari', 41),
(5075, 'Totanala', 41),
(5076, 'Ururi', 41),
(5077, 'Adasimla', 41),
(5078, 'Barachara', 41),
(5079, 'Bonai', 41),
(5080, 'Chandkuri-Batikati', 41),
(5081, 'Chhatorekole', 41),
(5082, 'Dasagram', 41),
(5083, 'Duria', 41),
(5084, 'Kalasbarh', 41),
(5085, 'Kolanda', 41),
(5086, 'Rautara', 41),
(5087, 'Sarta', 41),
(5088, 'Binpur-Ii', 41),
(5089, 'Jhargram', 41),
(5090, 'Jamboni', 41),
(5091, 'Gopiballavpur-I', 41),
(5092, 'Gopiballavpur-Ii', 41),
(5093, 'Bhagawanpur', 41),
(5094, 'Bhagwanpur', 41),
(5095, 'Haldia Municipality', 41),
(5096, 'Haldiamunicipality', 41),
(5097, 'Sutahata', 41),
(5098, 'Mahisadal', 41),
(5099, 'Nandigram', 41),
(5100, 'Reapara', 41),
(5101, 'Bhagawanpur-Ii', 41),
(5102, 'Kajlagarh', 41),
(5103, 'Tamkluk-I', 41),
(5104, 'Nandakumar', 41),
(5105, 'Moiyna', 41),
(5106, 'Moyna', 41),
(5107, 'Nandigram-I', 41),
(5108, 'Bhagwarpur', 41),
(5109, 'Bhawanpur', 41),
(5110, 'Chandipur', 41),
(5111, 'Nandigram-Iii', 41),
(5112, 'Khukurdaha', 41),
(5113, 'Arankiarana', 41),
(5114, 'Haldia', 41),
(5115, 'Nandigram-Ii', 41),
(5116, 'Nandigram Ii', 41),
(5117, 'GOPINATHPUR', 41),
(5118, 'Bankura - I', 41),
(5119, 'Bankura', 41),
(5120, 'Sonamukhi', 41),
(5121, 'Hirbandh', 41),
(5122, 'Indpur', 41),
(5123, 'Khatra', 41),
(5124, 'Taldangra', 41),
(5125, 'Joypur', 41),
(5126, 'Vishnupur', 41),
(5127, 'Chhatna', 41),
(5128, 'Saltora', 41),
(5129, 'G.Ghati', 41),
(5130, 'Gangajalghati', 41),
(5131, 'Raipur', 41),
(5132, 'Sarenga', 41),
(5133, 'Ranibandh', 41),
(5134, 'Onda', 41),
(5135, 'Jaypur', 41),
(5136, 'Kotalpur', 41),
(5137, 'Kotulpur', 41),
(5138, 'Barjora', 41),
(5139, 'Mejia', 41),
(5140, 'Mejhia', 41),
(5141, 'Ranibundh', 41),
(5142, 'Simlapal', 41),
(5143, 'Bankura - Ii', 41),
(5144, 'Bishnpur', 41),
(5145, 'Borjora', 41),
(5146, 'Indas', 41),
(5147, 'Indus', 41),
(5148, 'Patrasayer', 41),
(5149, 'Puncha', 41),
(5150, 'Purulia', 41),
(5151, 'Purulia - I', 41),
(5152, 'Chharrah', 41),
(5153, 'Adra', 41),
(5154, 'Kalapathar', 41),
(5155, 'Neturia', 41),
(5156, 'Raghunathpur', 41),
(5157, 'Santuri', 41),
(5158, 'Anara', 41),
(5159, 'Anara Rs', 41),
(5160, 'Para', 41),
(5161, 'Purulia - Ii', 41),
(5162, 'Barabazar', 41),
(5163, 'Barabhum', 41),
(5164, 'Balakdih', 41),
(5165, 'Kenda', 41),
(5166, 'Manbazar', 41),
(5167, 'Manbazar - I', 41),
(5168, 'Bundwan', 41),
(5169, 'Hura', 41),
(5170, 'Manbazar - Ii', 41),
(5171, 'Manbazar Ii', 41),
(5172, 'Raghuathpur', 41),
(5173, 'Raghunath Pur I', 41),
(5174, 'Ramkanali', 41),
(5175, 'Baghmundi', 41),
(5176, 'Bagmudni', 41),
(5177, 'Bagmundi', 41),
(5178, 'Balarampur', 41),
(5179, 'Raghunathpur - Ii', 41),
(5180, 'Santaldih', 41),
(5181, 'Hutmura', 41),
(5182, 'Purulia Ii', 41),
(5183, 'Manguria', 41),
(5184, 'Baghmudni', 41),
(5185, 'Arsha', 41),
(5186, 'Sirkabad', 41),
(5187, 'Murardih', 41),
(5188, 'Manihara', 41),
(5189, 'Garjaipur', 41),
(5190, 'Jaipur', 41),
(5191, 'Jhalda I', 41),
(5192, 'Jhalda Ii', 41),
(5193, 'Jhalda', 41),
(5194, 'Bagmundih', 41),
(5195, 'Tulin', 41),
(5196, 'Jhalda - Ii', 41),
(5197, 'Jiudaru', 41),
(5198, 'Kotshila', 41),
(5199, 'Birbhum', 41),
(5200, 'Suri - I', 41),
(5201, 'Suri - Ii', 41),
(5202, 'Dubrajpur', 41),
(5203, 'Sainthia', 41),
(5204, 'Bolpur Sriniketan', 41),
(5205, 'Nanoor', 41),
(5206, 'Murarai - I', 41),
(5207, 'Rampurhat - I', 41),
(5208, 'Mayureswar - I', 41),
(5209, 'Nalhati - I', 41),
(5210, 'Labpur', 41),
(5211, 'Englishbazar', 41),
(5212, 'Gajol', 41),
(5213, 'Koilabad', 41),
(5214, 'Kumarganj', 41),
(5215, 'Old Malda', 41),
(5216, 'Pukuria', 41),
(5217, 'Ratua', 41),
(5218, 'Ratua Ii', 41),
(5219, 'ENGLISH BAZAR', 41),
(5220, 'Gouramari', 41),
(5221, 'Habibpir', 41),
(5222, 'Habibpur (Srirampur Anchal)', 41),
(5223, 'Mabarakpur', 41),
(5224, 'Srirampur (Habibpur)', 41),
(5225, 'Aktail', 41),
(5226, 'Bulbulchandi', 41),
(5227, 'Habibpur', 41),
(5228, 'Kanturka', 41),
(5229, 'Chanchal', 41),
(5230, 'Hatinda', 41),
(5231, 'Alal', 41),
(5232, 'Deotala', 41),
(5233, 'Gajol.', 41),
(5234, 'Habibpur (Arajimistrabati)', 41),
(5235, 'Hardamnagar', 41),
(5236, 'Harishchandrapur', 41),
(5237, 'Harishchandrapur -Ii', 41),
(5238, 'Malior', 41),
(5239, 'Mariary', 41),
(5240, 'Miahat', 41),
(5241, 'Pipla Kashimpur', 41),
(5242, 'Talbangrua', 41),
(5243, 'Talgachhi', 41),
(5244, 'Talgram', 41),
(5245, 'Talsur', 41),
(5246, 'Khanpur Hubaspur 165', 41),
(5247, 'Baishnabnagar', 41),
(5248, 'Kaliachak', 41),
(5249, 'Lakshipur', 41),
(5250, 'Bamangola', 41),
(5251, 'Bamongola', 41),
(5252, 'Dalla', 41),
(5253, 'Dighalbar', 41),
(5254, 'Habibpuir', 41),
(5255, 'Patul', 41),
(5256, 'Amarsinghi', 41),
(5257, 'Andhirampara', 41),
(5258, 'Chorolmoni', 41),
(5259, 'Damaipur', 41),
(5260, 'Gangadevi', 41),
(5261, 'Goripur', 41),
(5262, 'Sripur', 41),
(5263, 'Kushida', 41),
(5264, 'Paro', 41),
(5265, 'Tulsihatta', 41),
(5266, 'Sahajalalpur', 41),
(5267, 'Kharba', 41),
(5268, 'Chariantatapur', 41),
(5269, 'Kaliacahak', 41),
(5270, 'Kaliachak-1', 41),
(5271, 'Kaliachak-I', 41),
(5272, 'Mozampur', 41),
(5273, 'North Jadupur', 41),
(5274, 'Silampur', 41),
(5275, 'Silampur-Ii', 41),
(5276, 'Chowki Mirdadpur', 41),
(5277, 'Manikchak', 41),
(5278, 'Pashchim Narayanpur', 41),
(5279, 'Manikchjak', 41),
(5280, 'Ratua -I', 41),
(5281, 'Ratua-I', 41),
(5282, 'Baro Sujapur', 41),
(5283, 'Kaliachak Ii', 41),
(5284, 'Kaliachak-Ii', 41),
(5285, 'Mothabari', 41),
(5286, 'Panchanandapur', 41),
(5287, 'Uttar Lakshmipur', 41),
(5288, 'Kaliachak-Iii', 41),
(5289, 'Krishnapur', 41),
(5290, 'Ratua-Ii', 41),
(5291, 'Akandaberia', 41),
(5292, 'Kadamtala', 41),
(5293, 'Balurghat', 41),
(5294, 'Itahar', 41),
(5295, 'Banshihari', 41),
(5296, 'Bansihari', 41),
(5297, 'Kushmundi', 41),
(5298, 'Raiganj', 41),
(5299, 'Gazole', 41),
(5300, 'Gangarampur', 41),
(5301, 'Harirampur', 41),
(5302, 'Hili', 41),
(5303, 'Hilli', 41),
(5304, 'Tapan', 41),
(5305, 'Kaliaganj', 41),
(5306, 'Kaliganj', 41),
(5307, 'Kaliyaganj', 41),
(5308, 'Hemtabad', 41),
(5309, 'West Dinajpur', 41),
(5310, 'Kushmandi', 41),
(5311, 'Balurgthat', 41),
(5312, 'Kumargunj', 41),
(5313, 'Dalkhola', 41),
(5314, 'Goalpokhar - Ii', 41),
(5315, 'Karandighi', 41),
(5316, 'Chopra', 41),
(5317, 'Ilsmapur', 41),
(5318, 'Goalpokhar - I', 41),
(5319, 'Goalpukher', 41),
(5320, 'Siliguri', 41),
(5321, 'Rajganj', 41),
(5322, 'Kalimpong -I', 41),
(5323, 'Kurseong', 41),
(5324, 'Naxalbari', 41),
(5325, 'Matigara', 41),
(5326, 'Darjeeling', 41),
(5327, 'Phansidewa', 41),
(5328, 'Darjeeling Pulbazar', 41),
(5329, 'Jorebunglow Sukiapokhri', 41),
(5330, 'Kalimpong - Ii', 41),
(5331, 'Rangli Rangliot', 41),
(5332, 'Kalimpong', 41),
(5333, 'Mirik', 41),
(5334, 'Darjiling', 41),
(5335, 'Kharibari', 41),
(5336, 'Mal', 41),
(5337, 'Gorubathan', 41),
(5338, 'Jalpaiguri', 41),
(5339, 'Jalpaiguri Sadar', 41),
(5340, 'Haldibari', 41),
(5341, 'Dhupguri', 41),
(5342, 'Nagrakata', 41),
(5343, 'Falakata', 41),
(5344, 'Madarihat', 41),
(5345, 'Matelli', 41),
(5346, 'Matteli', 41),
(5347, 'Alipurduar', 41),
(5348, 'Dhupguri Sadar', 41),
(5349, 'Mathabhanga - Ii', 41),
(5350, 'Mathabhanga', 41),
(5351, 'Alipurduar - I', 41),
(5352, 'Kalchini', 41),
(5353, 'Dinhata - I', 41),
(5354, 'Maynaguri', 41),
(5355, 'Madari Hat', 41),
(5356, 'Mekhliganj', 41),
(5357, 'Kumargram', 41),
(5358, 'Garubathan I', 41),
(5359, 'Mekliganj', 41),
(5360, 'Mekhliganjs.O.', 41),
(5361, 'Cooch Behar - I', 41),
(5362, 'Koch Bihar', 41),
(5363, 'Tufanganj', 41),
(5364, 'Tufanganj - Ii', 41),
(5365, 'Cooch Behar', 41),
(5366, 'Cooch Behar - Ii', 41),
(5367, 'Dinhata', 41),
(5368, 'Dinhata - Ii', 41),
(5369, 'Mathabhanga - I', 41),
(5370, 'Tufanganj - I', 41),
(5371, 'Sitalkuchi', 41),
(5372, 'Sitai', 41),
(5373, 'Mathabhanga`', 41),
(5374, 'Alipurduar - Ii', 41),
(5375, 'Krishnagar - I', 41),
(5376, 'Krishnanagar Municipality', 41),
(5377, 'Dogachhi', 41),
(5378, 'Hanskhali', 41),
(5379, 'Krishnagar I', 41),
(5380, 'Krishnanagar I', 41),
(5381, 'Chapra', 41),
(5382, 'Krishnagar-I', 41),
(5383, 'Tehatta', 41),
(5384, 'Tehatta I', 41),
(5385, 'Nadia', 41),
(5386, 'Ranaghat-I', 41),
(5387, 'Santipur', 41),
(5388, 'Karimpur I', 41),
(5389, 'Nakashipara', 41),
(5390, 'Dhubulia', 41),
(5391, 'Krishnagar - Ii', 41),
(5392, 'Krishnanagar Ii', 41),
(5393, 'Bethuadahari', 41),
(5394, 'Debagram', 41),
(5395, 'Ranaghat - I', 41),
(5396, 'Kalligang', 41),
(5397, 'Krishnangar Ii', 41),
(5398, 'Karimpur Ii', 41),
(5399, 'Tehatta Ii', 41),
(5400, 'Nowda', 41),
(5401, 'Nowda (Murshidabad)', 41),
(5402, 'Palashipara', 41),
(5403, 'Plashipara', 41),
(5404, 'Shikarpur Bdo I', 41),
(5405, 'Krishnanagar-I', 41),
(5406, 'Tehatta - I', 41),
(5407, 'Karimpur Ii (Mohisbatan)', 41),
(5408, 'Nazrpur', 41),
(5409, 'Krishnaganj', 41),
(5410, 'BERHAMPORE', 41),
(5411, 'Ranaghat-I/Ii', 41),
(5412, 'Ranagaht-Ii', 41),
(5413, 'Ranaghat - Ii', 41),
(5414, 'Ranaghat-Ii', 41),
(5415, 'Haringhata', 41),
(5416, 'Chakdah', 41),
(5417, 'Chakdaha', 41),
(5418, 'Haringhat', 41),
(5419, 'Ranaghat', 41),
(5420, 'Nabadwip', 41),
(5421, 'Nabadwip Municipality', 41),
(5422, 'Sreemayapur', 41),
(5423, 'Krishnagar-Ii', 41),
(5424, 'Purbasthali I', 41),
(5425, 'Hanskhlai', 41),
(5426, 'Murshidabad', 41),
(5427, 'Murshidabad Jiaganj', 41),
(5428, 'Nabagram', 41),
(5429, 'Suti - Ii', 41),
(5430, 'Domkal', 41),
(5431, 'Nawda', 41),
(5432, 'Sagardighi', 41),
(5433, 'DEBIPUR', 41),
(5434, 'Burwan', 41),
(5435, 'Beldanga - I', 41),
(5436, 'Bhagawangola - I', 41),
(5437, 'Bhagawangola - Ii', 41),
(5438, 'Kandi', 41),
(5439, 'Suti - I', 41),
(5440, 'Bharatpur - I', 41),
(5441, 'Khargram', 41),
(5442, 'Lalgola', 41),
(5443, 'Beldanga - Ii', 41),
(5444, 'Hariharpara', 41),
(5445, 'Raghunathganj - I', 41),
(5446, 'GOALJAN', 41),
(5447, 'Farakka', 41),
(5448, 'Samserganj', 41),
(5449, 'Raghunathganj - Ii', 41),
(5450, 'Jalangi', 41),
(5451, 'GHORSALA', 41),
(5452, 'Palsanda', 41),
(5453, 'Raninagar - I', 41),
(5454, 'Raninagar - Ii', 41),
(5455, 'Bharatpur - Ii', 41),
(5456, 'Behrampore', 41),
(5457, 'Palta', 41),
(5458, 'Bhatpara', 41),
(5459, 'Jagatdal', 41),
(5460, 'Kankinara', 41),
(5461, 'Athpur', 41),
(5462, 'Fingapara', 41),
(5463, 'Garulia', 41),
(5464, 'Halishahar', 41),
(5465, 'Ichapur', 41),
(5466, 'Kanchrapara', 41),
(5467, 'Gorifa', 41),
(5468, 'Adhata', 41),
(5469, 'Hishabi', 41),
(5470, 'Sadhanpur Uludanga', 41),
(5471, 'Habra - Ii', 41),
(5472, 'Iswarigacha', 41),
(5473, 'Sabdalpur', 41),
(5474, 'Bagdah', 41),
(5475, 'Baksha', 41),
(5476, 'Boyra', 41),
(5477, 'Chandpur', 41),
(5478, 'Hatkurulia', 41),
(5479, 'Malidah', 41),
(5480, 'Mambhagina', 41),
(5481, 'Mashyampur', 41),
(5482, 'Jeoldanga', 41),
(5483, 'Bira', 41),
(5484, 'Joypul', 41),
(5485, 'Laxmipul', 41),
(5486, 'Rowtara', 41),
(5487, 'Sethpur', 41),
(5488, 'Talsa', 41),
(5489, 'Angrail', 41),
(5490, 'Balisha Chowmatha', 41),
(5491, 'Bangaon', 41),
(5492, 'Boaldah', 41),
(5493, 'Bongaon', 41),
(5494, 'Dharampukuria', 41),
(5495, 'Dogachia', 41),
(5496, 'Ghatbour', 41),
(5497, 'Kalupur', 41),
(5498, 'Nakpul', 41),
(5499, 'Panchita', 41),
(5500, 'Paschim Malikberia', 41),
(5501, 'Purantan Bongaon', 41),
(5502, 'Baikara', 41),
(5503, 'Ballavpur', 41),
(5504, 'Chandpara', 41),
(5505, 'Chekati', 41),
(5506, 'Duma', 41),
(5507, 'Gaighata', 41),
(5508, 'Goalbathan', 41),
(5509, 'Jhawdanga', 41),
(5510, 'Jhikra', 41),
(5511, 'Kahankia', 41),
(5512, 'Kaipukuria', 41),
(5513, 'Kharua Rajapur', 41),
(5514, 'Monmohanpur', 41),
(5515, 'Sasadanga', 41),
(5516, 'Tetulbaria', 41),
(5517, 'Barghorai', 41),
(5518, 'Charghat', 41),
(5519, 'Chatra', 41),
(5520, 'Deara', 41),
(5521, 'Kachdaha', 41),
(5522, 'Kapileswarpur', 41),
(5523, 'Ramchandrapur Khaspur', 41),
(5524, 'Salua', 41),
(5525, 'Adhikashimpur', 41),
(5526, 'Bamangachi', 41),
(5527, 'Amandikandi', 41),
(5528, 'Colony Simulia', 41),
(5529, 'Dharampur', 41),
(5530, 'Ghonza', 41),
(5531, 'Jaleswar', 41),
(5532, 'Natagram', 41),
(5533, 'Rampur Bhatpara', 41),
(5534, 'Ambikapur', 41),
(5535, 'Amdobe', 41),
(5536, 'Asharu', 41),
(5537, 'Bagangram', 41),
(5538, 'Bagda', 41),
(5539, 'Baliadanga', 41),
(5540, 'Beara', 41),
(5541, 'Bharatpur', 41),
(5542, 'Ganrapota', 41),
(5543, 'Ghatpatila', 41),
(5544, 'Gobrapur', 41),
(5545, 'Gotri', 41),
(5546, 'Jagadishpur', 41),
(5547, 'Karanga', 41),
(5548, 'Koniara', 41),
(5549, 'Krishnachandapur', 41),
(5550, 'Panchpota', 41),
(5551, 'Pathsimulia', 41),
(5552, 'Ranihati', 41),
(5553, 'Sundarpur', 41),
(5554, 'Tangra', 41),
(5555, 'Gobardanga', 41),
(5556, 'Nakpul Kuchlia', 41),
(5557, 'Bairampur', 41),
(5558, 'Barrackpore Sripalli', 41),
(5559, 'Gopalnagar', 41),
(5560, 'Madiahat', 41),
(5561, 'Satberi', 41),
(5562, 'Simulia', 41),
(5563, 'Bergoom', 41),
(5564, 'Fultala', 41),
(5565, 'Janaphul', 41),
(5566, 'Putia', 41),
(5567, 'Baneswarpur', 41),
(5568, 'Berabari', 41),
(5569, 'Bhawanipur', 41),
(5570, 'H Colony', 41),
(5571, 'Kulia', 41),
(5572, 'Kumarkhola', 41),
(5573, 'Nataberia', 41),
(5574, 'Kumra', 41),
(5575, 'Sonakenia', 41),
(5576, 'Samudrapur', 41),
(5577, 'Sendanga', 41),
(5578, 'Amudia', 41),
(5579, 'Balti', 41),
(5580, 'East Bishnupur', 41),
(5581, 'Gobindapur', 41),
(5582, 'Hakimpur', 41),
(5583, 'Nityananda Kati', 41),
(5584, 'Purandarpur', 41),
(5585, 'Saguna', 41),
(5586, 'Sakdah Jadapur', 41),
(5587, 'Sutia', 41),
(5588, 'Swarupnagar', 41),
(5589, 'Banglani', 41),
(5590, 'Bithari', 41),
(5591, 'Duttapara', 41),
(5592, 'Kantabagan', 41),
(5593, 'Sanrapul', 41),
(5594, 'Chikanpara', 41),
(5595, 'Ramchandra Pur', 41),
(5596, 'Ghoshpur', 41),
(5597, 'Rajballapur', 41),
(5598, 'Simulpur', 41),
(5599, 'Uludanga', 41),
(5600, 'Bhanderkhola', 41),
(5601, 'Chowberia', 41),
(5602, 'Dighari', 41),
(5603, 'Hingli', 41),
(5604, 'Naahata', 41),
(5605, 'Ramshankarpur', 41),
(5606, 'Satashi', 41),
(5607, 'Taranipur', 41),
(5608, 'Basirhat', 41),
(5609, 'Mominpur', 41),
(5610, 'Rajendrapur', 41),
(5611, 'Basirhat - I', 41),
(5612, 'Itinda', 41),
(5613, 'Merudandi', 41),
(5614, 'Panitar', 41),
(5615, 'Sibhati', 41),
(5616, 'Eojnagar', 41),
(5617, 'Gokna', 41),
(5618, 'Jadurhati', 41),
(5619, 'Kachua Swarupnagar', 41),
(5620, 'Bohara', 41),
(5621, 'Chhoto Jagulia', 41),
(5622, 'Naksha', 41),
(5623, 'Nimdaria', 41),
(5624, 'Sindrani', 41),
(5625, 'Thoara', 41),
(5626, 'Barast', 41),
(5627, 'Basanti', 41),
(5628, 'Sandeshkhali - Ii', 41),
(5629, 'Canning - I', 41),
(5630, 'Canning - Ii', 41),
(5631, 'Kultali', 41),
(5632, 'Champahati', 41),
(5633, 'Diamond Harbour - I', 41),
(5634, 'Kulpi', 41),
(5635, 'Magrahat - I', 41),
(5636, 'Mandirbazar', 41),
(5637, 'Mathurapur - I', 41),
(5638, 'Jaynagar - I', 41),
(5639, 'Jaynagar - Ii', 41),
(5640, 'Namkhana', 41),
(5641, 'Kakdwip', 41),
(5642, 'Patharpratima', 41),
(5643, 'Mathurapur - Ii', 41),
(5644, 'Magrahat - Ii', 41),
(5645, 'Sagar', 41),
(5646, 'Canning', 41),
(5647, 'Diamond Harbour - Ii', 41),
(5648, 'Bakrahat', 41),
(5649, 'Bishnupur - Ii', 41),
(5650, 'Baduria', 41),
(5651, 'Bena', 41),
(5652, 'Buruj', 41),
(5653, 'Jasaikati', 41),
(5654, 'Naya Basti', 41),
(5655, 'Simulia Durgapur', 41),
(5656, 'Taragunia', 41),
(5657, 'Chaigharia', 41),
(5658, 'Khalitpur', 41),
(5659, 'Petrapole', 41),
(5660, 'Minakhan', 41),
(5661, 'Dandirhat', 41),
(5662, 'Dhaltita', 41),
(5663, 'Karnolkora', 41),
(5664, 'Biramnagar', 41),
(5665, 'Gotra', 41),
(5666, 'Kathur', 41),
(5667, 'Makhalgacha', 41),
(5668, 'Paikparahat', 41),
(5669, 'Pifa', 41),
(5670, 'Sangrampur', 41),
(5671, 'Zirakpur', 41),
(5672, 'Baidyapur', 41),
(5673, 'Belpur', 41),
(5674, 'Bhasila', 41),
(5675, 'Deganga', 41),
(5676, 'Gobardhanpur', 41),
(5677, 'Kaliani', 41),
(5678, 'Maslishpur', 41),
(5679, 'Phazilpur', 41),
(5680, 'Ramnathpur', 41),
(5681, 'Sashan', 41),
(5682, 'Sohaikumarpur', 41),
(5683, 'Chjandpur', 41),
(5684, 'Chorashi', 41),
(5685, 'Debalaya', 41),
(5686, 'Gobila', 41),
(5687, 'Kachua', 41),
(5688, 'Secondranagar', 41),
(5689, 'Adampur', 41),
(5690, 'Ajijnagar', 41),
(5691, 'Atpukur', 41),
(5692, 'Bamanpukur', 41),
(5693, 'Chowhata', 41),
(5694, 'Dhutradaha', 41),
(5695, 'Haroa', 41),
(5696, 'Joygram', 41),
(5697, 'Khalisadi', 41),
(5698, 'Kharupala', 41),
(5699, 'Khasbalanda', 41),
(5700, 'Kumarzole', 41),
(5701, 'Malancha', 41),
(5702, 'Raikhan', 41),
(5703, 'Uchildah', 41),
(5704, 'Barunhat', 41),
(5705, 'Bhurkunda', 41),
(5706, 'Chakpatli', 41),
(5707, 'Ghoni', 41),
(5708, 'Ghosalbati', 41),
(5709, 'Hasnabad', 41),
(5710, 'Ichapurabad', 41),
(5711, 'Rameswarpur', 41),
(5712, 'Simulia Kalibari', 41),
(5713, 'Sulkaniabad', 41),
(5714, 'Aturia', 41),
(5715, 'Bajitpur', 41),
(5716, 'Barabankra', 41),
(5717, 'Bhaduria', 41),
(5718, 'Gandharbapur', 41),
(5719, 'Goaldaha', 41),
(5720, 'Kaijuri', 41),
(5721, 'Katiahat', 41),
(5722, 'Paschim Palta', 41),
(5723, 'Punra', 41),
(5724, 'Safirabad', 41),
(5725, 'Sayestanagar', 41),
(5726, 'Basirhat - Ii', 41),
(5727, 'Kholapota', 41),
(5728, 'Srinagar', 41),
(5729, 'Zafarpur', 41),
(5730, 'Bagundi', 41),
(5731, 'Paschim Madhyampur', 41),
(5732, 'Soladanga', 41),
(5733, 'Takipur', 41),
(5734, 'Akimamudpur', 41),
(5735, 'Amberia', 41),
(5736, 'Bakra Dabar', 41),
(5737, 'Bankra', 41),
(5738, 'Banshtala', 41),
(5739, 'Bishpur', 41),
(5740, 'Dharamberia', 41),
(5741, 'Hingalganj', 41),
(5742, 'Kothabari', 41),
(5743, 'Purba Khejurberia', 41),
(5744, 'Rupmari', 41),
(5745, 'Sandelerbill', 41),
(5746, 'Begumpur', 41),
(5747, 'Dhanyakuria', 41),
(5748, 'Matia', 41),
(5749, 'Nehalpur', 41),
(5750, 'Atghara', 41),
(5751, 'Jangalpur', 41),
(5752, 'Kamdevkati', 41),
(5753, 'Mandra', 41),
(5754, 'Parpatna', 41),
(5755, 'Bhanderkhali', 41),
(5756, 'Charalkhali', 41),
(5757, 'Choto Sahebkhali', 41),
(5758, 'Dulduli Mathbari', 41),
(5759, 'Hatgachha', 41),
(5760, 'Hemnagar', 41),
(5761, 'Jogeshganj', 41),
(5762, 'Kalitala', 41),
(5763, 'Labukhali', 41),
(5764, 'Madhavkathi', 41),
(5765, 'Malekangumti', 41),
(5766, 'Manikkathi', 41),
(5767, 'Parghumti', 41),
(5768, 'Pathghoria', 41),
(5769, 'Rampur', 41),
(5770, 'Sahebkhali', 41),
(5771, 'Samsernagar', 41),
(5772, 'Sandeshkhali - I', 41),
(5773, 'Sridharkati', 41),
(5774, '24 Parganas', 41),
(5775, 'Akratola', 41),
(5776, 'Bamanibad', 41),
(5777, 'Bermajur', 41),
(5778, 'Boyermari', 41),
(5779, 'Choto Sehara', 41),
(5780, 'Dheknamari', 41),
(5781, 'Ghatihara', 41),
(5782, 'Ghoshpara', 41),
(5783, 'Jhopkhali', 41),
(5784, 'Kalinagar', 41),
(5785, 'Kanmari', 41),
(5786, 'Kharihatabad', 41),
(5787, 'Mathbariabad', 41),
(5788, 'Nalkora', 41),
(5789, 'Nazat', 41),
(5790, 'Nityaberia', 41),
(5791, 'Purba Sankardaha', 41),
(5792, 'Amta', 41),
(5793, 'Bhabanipur', 41),
(5794, 'Chaita', 41),
(5795, 'Ghona', 41),
(5796, 'Gopalpur', 41),
(5797, 'Sodarpur-Behala', 41),
(5798, 'Atapur', 41),
(5799, 'Bhangatushkhali', 41),
(5800, 'Bowthakurani', 41),
(5801, 'Dhuchnikhali', 41),
(5802, 'Durgamandop', 41),
(5803, 'Dwarikjungle', 41),
(5804, 'Joygopalpur', 41),
(5805, 'Khulna', 41),
(5806, 'Korakati', 41),
(5807, 'Sandeshkhali', 41),
(5808, 'Sitalia', 41),
(5809, 'Sukdwani', 41),
(5810, 'Tushkhali', 41),
(5811, 'Amodpur', 41),
(5812, 'Bhebia', 41),
(5813, 'Chaital', 41),
(5814, 'Chimta Kachari', 41),
(5815, 'Garakupi', 41),
(5816, 'Kharampur', 41),
(5817, 'Kuliadanga', 41),
(5818, 'Malikagherai', 41),
(5819, 'Murarisah', 41),
(5820, 'Nimichi', 41),
(5821, 'Nurpur', 41),
(5822, 'Bhangar - I', 41),
(5823, 'Falta', 41),
(5824, 'Santoshpur', 41),
(5825, 'Belta', 41),
(5826, 'Durgapur', 41),
(5827, 'Palla', 41),
(5828, 'Sonekpur', 41),
(5829, 'Rajibpur', 41),
(5830, 'Guma', 41),
(5831, 'Prithiba', 41),
(5832, 'Akaipur', 41),
(5833, 'Gadpukuria', 41),
(5834, 'Goribpur', 41),
(5835, 'Panchberia', 41),
(5836, 'Beraberi', 41),
(5837, 'Masunda', 41),
(5838, 'Srikrishnapur', 41),
(5839, 'Suria', 41),
(5840, 'Bhubaneswar', 29),
(5841, 'Lingaraj', 29),
(5842, 'Saheednagar', 29),
(5843, 'Balianta', 29),
(5844, 'Puri', 29),
(5845, 'Brahmagiri', 29),
(5846, 'Krushnaprasad', 29),
(5847, 'Satyabadi', 29),
(5848, 'Satyabai', 29),
(5849, 'Khurda', 29),
(5850, 'Banpur', 29),
(5851, 'Pipli', 29),
(5852, 'Tangi', 29),
(5853, 'Ranpur', 29),
(5854, 'Kordha', 29),
(5855, 'Chilika', 29),
(5856, 'Krishnaprasad', 29),
(5857, 'Krushnaprsad', 29),
(5858, 'Begunia', 29),
(5859, 'Panikoii', 29),
(5860, 'Sakhigopal', 29),
(5861, 'Jatni', 29),
(5862, 'Pipili', 29),
(5863, 'Kanas', 29),
(5864, 'Nayagarh', 29),
(5865, 'Bhapur', 29),
(5866, 'Bolagarh', 29),
(5867, 'Odagaon', 29),
(5868, 'Khandapara', 29),
(5869, 'Khandaparagarh', 29),
(5870, 'Daspalla', 29),
(5871, 'Ranapur', 29),
(5872, 'Khandapra', 29),
(5873, 'Balugaon', 29),
(5874, 'Nimapada', 29),
(5875, 'Nimapara', 29),
(5876, 'Gop', 29),
(5877, 'Kakatpur', 29),
(5878, 'Kakatpur]', 29),
(5879, 'Konark', 29),
(5880, 'Niampara', 29),
(5881, 'Niali', 29),
(5882, 'Cuttack Sadar', 29),
(5883, 'Cuttack', 29),
(5884, 'Gobindpur', 29),
(5885, 'Balipatna', 29),
(5886, 'Barang', 29),
(5887, 'Banki', 29),
(5888, 'Chandaka', 29),
(5889, 'Choudwar', 29),
(5890, 'Jagatpur', 29),
(5891, 'Tangi Choudwar', 29),
(5892, 'Darpan', 29),
(5893, 'Badachana', 29),
(5894, 'Athagarh', 29),
(5895, 'Athagad', 29),
(5896, 'Tigiria', 29),
(5897, 'Badamba', 29),
(5898, 'Baramba', 29),
(5899, 'Narasinghpur', 29),
(5900, 'Anugul', 29),
(5901, 'Narsinghpur', 29),
(5902, 'Biridi', 29),
(5903, 'Jagatsinghapur', 29),
(5904, 'Jagatsinghpur', 29),
(5905, 'Kujang', 29),
(5906, 'Raghunathpur', 29),
(5907, 'Tirtol', 29),
(5908, 'Balikuda', 29),
(5909, 'Naugaon', 29),
(5910, 'Naugaonhat', 29),
(5911, 'Ersama', 29),
(5912, 'Paradip', 29),
(5913, 'Kishannagar', 29),
(5914, 'Kishorenagar', 29),
(5915, 'Salipur', 29),
(5916, 'Marsaghai', 29),
(5917, 'Patkura', 29),
(5918, 'Tirol', 29),
(5919, 'Kujanga', 29),
(5920, 'Salepur', 29),
(5921, 'Kendrapara', 29),
(5922, 'Darpanigarh', 29),
(5923, 'Marasaghai', 29),
(5924, 'Jajpur', 29),
(5925, 'Pattamundai', 29),
(5926, 'Aul', 29),
(5927, 'Rajkanika', 29),
(5928, 'Rajnagar', 29),
(5929, 'Padmapur', 29),
(5930, 'Mahanga', 29),
(5931, 'Dharmasala', 29),
(5932, 'Binjharpur', 29),
(5933, 'Jajapur', 29),
(5934, 'Jajpur Road', 29),
(5935, 'Jajpur Raod', 29),
(5936, 'Keonjhar', 29),
(5937, 'Jajpur Road.', 29),
(5938, 'Bimjharpur', 29),
(5939, 'Balasore', 29),
(5940, 'Baleshwar Sadar', 29),
(5941, 'Baleshwar', 29),
(5942, 'Nilgiri', 29),
(5943, 'Remuna', 29),
(5944, 'Nilagiri', 29),
(5945, 'Niligiri', 29),
(5946, 'Basta', 29),
(5947, 'Baliapal', 29),
(5948, 'Singla', 29),
(5949, 'Rupsa', 29),
(5950, 'Jaleswar', 29),
(5951, 'Raibania', 29),
(5952, 'Bhograi', 29),
(5953, 'Soro', 29),
(5954, 'Similia', 29),
(5955, 'Khaira', 29),
(5956, 'Simulia', 29),
(5957, 'Bhadrak Rural', 29),
(5958, 'Bhadrak', 29),
(5959, 'Bant', 29),
(5960, 'Bhandari Pokhari', 29),
(5961, 'Dhamnagar', 29),
(5962, 'Agarpada', 29),
(5963, 'Dhusuri', 29),
(5964, 'Dhamanagar', 29),
(5965, 'Hatadihi', 29),
(5966, 'Basudevpur', 29),
(5967, 'Basudebpur', 29),
(5968, 'Tihidi', 29),
(5969, 'Chandabali', 29),
(5970, 'Chandbali', 29),
(5971, 'Basduevpur', 29),
(5972, 'Baripada', 29),
(5973, 'Baripara', 29),
(5974, 'R.G. Pur', 29),
(5975, 'R.G.Pur', 29),
(5976, 'Rasgovindpur', 29),
(5977, 'Barsahi', 29),
(5978, 'Barsashi', 29),
(5979, 'Betnoti', 29),
(5980, 'Udala', 29),
(5981, 'Rg Pur', 29),
(5982, 'Barasahi', 29),
(5983, 'Rairangpur', 29),
(5984, 'Karanjia', 29),
(5985, 'Bahalda', 29),
(5986, 'Mayurbhanj', 29),
(5987, 'Khunta', 29),
(5988, 'Kendujhar Town', 29),
(5989, 'Anandapur', 29),
(5990, 'Ghatagaon', 29),
(5991, 'Patna', 29),
(5992, 'Telkoi', 29),
(5993, 'Jajapur Road', 29),
(5994, 'Anadapur', 29),
(5995, 'Gahtagaon', 29),
(5996, 'Champua', 29),
(5997, 'Barbil', 29),
(5998, 'Baril', 29),
(5999, 'Andnapur', 29),
(6000, 'Banspal', 29),
(6001, 'Dhenkanal', 29),
(6002, 'Dhenkanal Sadar', 29),
(6003, 'Gandia', 29),
(6004, 'Bhuban', 29),
(6005, 'Kamakhyanagar', 29),
(6006, 'Kamakshyanagar', 29),
(6007, 'Hindol', 29),
(6008, 'Motunga', 29),
(6009, 'Parajang', 29),
(6010, 'Rasol', 29),
(6011, 'Tumusingha', 29),
(6012, 'Talcher', 29),
(6013, 'Banarpal', 29),
(6014, 'Khamar', 29),
(6015, 'Rengali Damsite', 29),
(6016, 'Samal Barrage', 29),
(6017, 'Talcher Sadar', 29),
(6018, 'Kaniha', 29),
(6019, 'Colliery', 29),
(6020, 'Chhendipada', 29),
(6021, 'Pallahara', 29),
(6022, 'Balimi', 29),
(6023, 'Angul', 29),
(6024, 'Athamallik', 29),
(6025, 'Athmallik', 29),
(6026, 'Thakurgarh', 29),
(6027, 'Berhampur', 29),
(6028, 'Brahmapur Sadar', 29),
(6029, 'Chhatrapur', 29),
(6030, 'Gopalpur', 29),
(6031, 'Purushottampur', 29),
(6032, 'Purusottampur', 29),
(6033, 'Chikiti', 29),
(6034, 'Jarada', 29),
(6035, 'Digapahandi', 29),
(6036, 'Berhampurf', 29),
(6037, 'Girisola', 29),
(6038, 'Golanthara', 29),
(6039, 'Aska', 29),
(6040, 'Garabandha', 29),
(6041, 'Parlakhemundi', 29),
(6042, 'Mohana', 29),
(6043, 'R.Udayagiri', 29),
(6044, 'R.Udaygiri', 29),
(6045, 'Kashinagara', 29),
(6046, 'Chatrapur', 29),
(6047, 'Rambha', 29),
(6048, 'Khalikote', 29),
(6049, 'Khallikote', 29),
(6050, 'Kkhallikote', 29),
(6051, 'Kodala', 29),
(6052, 'Bomakei', 29),
(6053, 'Bissmagiri', 29),
(6054, 'Hinjili', 29),
(6055, 'Hinjli', 29),
(6056, 'Kabisuryanagar', 29),
(6057, 'Asika', 29),
(6058, 'Surada', 29),
(6059, 'Bhanjanagar', 29),
(6060, 'Buguda', 29),
(6061, 'Paralakhemundi', 29),
(6062, 'Paralkhemundi', 29),
(6063, 'Serango', 29),
(6064, 'Rayagada', 29),
(6065, 'Adva', 29),
(6066, 'Phulbani', 29),
(6067, 'Tikabali', 29),
(6068, 'Phirigia', 29),
(6069, 'Phiringia', 29),
(6070, 'Phirngia', 29),
(6071, 'Khajuripada', 29),
(6072, 'Khajuriapada', 29),
(6073, 'Khajuripda', 29),
(6074, 'Purunakatak', 29),
(6075, 'Boudh', 29),
(6076, 'Boudhraj', 29),
(6077, 'Bounsuni', 29),
(6078, 'Bousuni', 29),
(6079, 'Manamunda', 29),
(6080, 'Kantamal', 29),
(6081, 'Ghantapada', 29),
(6082, 'Sankarakhole', 29),
(6083, 'Harabhanga', 29),
(6084, 'Harabhnaga', 29),
(6085, 'Harabhuin', 29),
(6086, 'Bamunigaon', 29),
(6087, 'Kalinga', 29),
(6088, 'Jhadrajing', 29),
(6089, 'Biranarasinghpur', 29),
(6090, 'Birasinghpur', 29),
(6091, 'Sarsara', 29),
(6092, 'Linepada', 29),
(6093, 'Chakapad', 29),
(6094, 'Gumagarh', 29),
(6095, 'Baghiabahal', 29),
(6096, 'G Udayagiri', 29),
(6097, 'G.Udayagiri', 29),
(6098, 'Raikai', 29),
(6099, 'Raikia', 29),
(6100, 'Nuagaon', 29),
(6101, 'Baliguda', 29),
(6102, 'Balliguda', 29),
(6103, 'Daringbadi', 29),
(6104, 'Kothagarh', 29),
(6105, 'Sarangada', 29),
(6106, 'Tumudibandha', 29),
(6107, 'Kurtamgarh', 29),
(6108, 'Barakhama', 29),
(6109, 'Paburia', 29),
(6110, 'Sunabeda', 29),
(6111, 'Damanjodi', 29),
(6112, 'Koraput', 29),
(6113, 'Jeypore(K)', 29),
(6114, 'Jeypur', 29),
(6115, 'Kundura', 29),
(6116, 'Boipariguda', 29),
(6117, 'Narayanpatna', 29),
(6118, 'Nandapur', 29),
(6119, 'Narayanpatana', 29),
(6120, 'Dasamantapur', 29),
(6121, 'Similiguda', 29),
(6122, 'Pottangi', 29),
(6123, 'Padua', 29),
(6124, 'Machhkund', 29),
(6125, 'Machkund', 29),
(6126, 'Machh Kund', 29),
(6127, 'Orkel', 29),
(6128, 'Malkangiri', 29),
(6129, 'Mathili', 29),
(6130, 'Kalimela', 29),
(6131, 'Motu', 29),
(6132, 'Nabarangpur', 29),
(6133, 'Paparahandi', 29),
(6134, 'Chitrakonda', 29),
(6135, 'Boriguma', 29),
(6136, 'Jeypore', 29),
(6137, 'Nabarangapur', 29),
(6138, 'Borigumma', 29),
(6139, 'Kotpad', 29),
(6140, 'Bhairabsingipur', 29),
(6141, 'Birigumma', 29),
(6142, 'Dabugan', 29),
(6143, 'Nabarangour', 29),
(6144, 'Kalyanasingpur', 29),
(6145, 'Kodinga', 29),
(6146, 'Gunupur', 29),
(6147, 'Nabarngpur', 29),
(6148, 'Tentulikhunti', 29),
(6149, 'Umarkote', 29),
(6150, 'Nabarangpu', 29),
(6151, 'Umerkote', 29),
(6152, 'Raighar', 29),
(6153, 'Kodinda', 29),
(6154, 'Jharigan', 29),
(6155, 'Khatiguda', 29),
(6156, 'Rayagada(K)', 29),
(6157, 'Lakshmipur', 29),
(6158, 'Laxmipur', 29),
(6159, 'Kashipur', 29),
(6160, 'K.Singhpur', 29),
(6161, 'Bishamakatak', 29),
(6162, 'Bissamcuttack', 29),
(6163, 'Ambadala', 29),
(6164, 'Muniguda', 29),
(6165, 'Gudari', 29),
(6166, 'Dharamgarh', 29),
(6167, 'Kesinga', 29),
(6168, 'Sadar', 29),
(6169, 'Bhawanipatana', 29),
(6170, 'Bhawanipatna', 29),
(6171, 'Junagarh', 29),
(6172, 'Narla', 29),
(6173, 'Golamunda', 29),
(6174, 'Jaipatna', 29),
(6175, 'Kalampur', 29),
(6176, 'Junagrh', 29),
(6177, 'Dhramgarh', 29),
(6178, 'Klampur', 29),
(6179, 'Jaipatana', 29),
(6180, 'Lanjigarh', 29),
(6181, 'Jaipatn A', 29),
(6182, 'Thuamulrampur', 29),
(6183, 'Dharmagarh', 29),
(6184, 'Karlamunda', 29),
(6185, 'Madanpur Rampur', 29),
(6186, 'Bhawaniaptna', 29),
(6187, 'Th. Rampur', 29),
(6188, 'Th.Rampur', 29),
(6189, 'M.Rampur', 29),
(6190, 'M.Ramour', 29),
(6191, 'Madanpurrampur', 29),
(6192, 'Jonk', 29),
(6193, 'Khariar Road', 29),
(6194, 'Nuapada', 29),
(6195, 'Nuapara', 29),
(6196, 'Komna', 29),
(6197, 'Khariar', 29),
(6198, 'Sinapali', 29),
(6199, 'Sinapalli', 29),
(6200, 'Sinhapalli', 29),
(6201, 'Bodeb', 29),
(6202, 'Boden', 29),
(6203, 'Duajhar', 29),
(6204, 'Khatriar', 29),
(6205, 'Balangir', 29),
(6206, 'Tusra', 29),
(6207, 'Tarbha', 29),
(6208, 'Tarha', 29),
(6209, 'Sonepur', 29),
(6210, 'Birmaharajpur', 29),
(6211, 'Brmaharajpur', 29),
(6212, 'Ullunda', 29),
(6213, 'Binka', 29),
(6214, 'S.Rampur', 29),
(6215, 'Loisingha', 29),
(6216, 'Losingha', 29),
(6217, 'S Rampur', 29),
(6218, 'Patnagarh', 29),
(6219, 'Titilagarh', 29),
(6220, 'Patngarh', 29),
(6221, 'Kantabanji', 29),
(6222, 'Sindhekela', 29),
(6223, 'Khaprakhol', 29),
(6224, 'Tusura', 29),
(6225, 'B.M.Pur', 29),
(6226, 'Sonapur', 29),
(6227, 'Sambalpur', 29),
(6228, 'Dhanupali', 29),
(6229, 'Maneswar', 29),
(6230, 'Dhankauda', 29),
(6231, 'Hirakud', 29),
(6232, 'Burla', 29),
(6233, 'Attabira', 29),
(6234, 'Bargarh', 29),
(6235, 'Barapali', 29),
(6236, 'Bargarh Sadar', 29),
(6237, 'Barpali', 29),
(6238, 'Bhatli', 29),
(6239, 'Ambabhana', 29),
(6240, 'Bijepur', 29),
(6241, 'Bheden', 29),
(6242, 'Sohela', 29),
(6243, 'Sohella', 29),
(6244, 'Ambabhona', 29),
(6245, 'Gaisilet', 29),
(6246, 'Melchhamunda', 29),
(6247, 'Rajborasambar', 29),
(6248, 'Rajborasamber', 29),
(6249, 'Paikmal', 29),
(6250, 'Paikamal', 29),
(6251, 'Jharbandh', 29),
(6252, 'Jharsuguda', 29),
(6253, 'Dhama', 29),
(6254, 'Jujomura', 29),
(6255, 'Jujumura', 29),
(6256, 'Rairakhol', 29),
(6257, 'Kisinda', 29),
(6258, 'Naktideul', 29),
(6259, 'Reamal', 29),
(6260, 'Jamankira', 29),
(6261, 'Kochinda', 29),
(6262, 'Barkote', 29),
(6263, 'Debagarh', 29),
(6264, 'Deogarh', 29),
(6265, 'Tileibani', 29),
(6266, 'Kundheigola', 29),
(6267, 'Barkot', 29),
(6268, 'Rengali', 29),
(6269, 'Sasan', 29),
(6270, 'Jharsuguda Sadar', 29),
(6271, 'Laikera', 29),
(6272, 'Jhasuguda Sadar', 29),
(6273, 'Jhrasuguda Sadar', 29),
(6274, 'Brajarajnagar', 29),
(6275, 'Lakhanpur', 29),
(6276, 'Lakhanpur Ho', 29),
(6277, 'Katarbaga', 29),
(6278, 'Kolabira', 29),
(6279, 'Belpahar', 29),
(6280, 'Kirmira', 29),
(6281, 'Bamra', 29),
(6282, 'Govindpur', 29),
(6283, 'Kuchinda', 29),
(6284, 'Mahulpalli', 29),
(6285, 'Banaharapali', 29),
(6286, 'Lakhanpur Bo', 29),
(6287, 'Raurkela (M)', 29),
(6288, 'Rourkela Steel City', 29),
(6289, 'Lathikata', 29),
(6290, 'Raghunathapali', 29),
(6291, 'Raurkela Industrial Township (', 29),
(6292, 'Raurkela Industrial Township (', 29),
(6293, 'Raurkela Industrial Township (', 29),
(6294, 'Raurkela Industrial Township (', 29),
(6295, 'Rourkela', 29),
(6296, 'Raurkela Industrial Township (', 29),
(6297, 'Raurkela Industrial Township (', 29),
(6298, 'Bisra', 29),
(6299, 'Koida', 29),
(6300, 'Brahmani Tarang', 29),
(6301, 'Tangarapali', 29),
(6302, 'Sundargarh', 29),
(6303, 'Sundargarh Town', 29),
(6304, 'Subdega', 29),
(6305, 'Tangarpali', 29),
(6306, 'Lephripara', 29),
(6307, 'Hemgir', 29),
(6308, 'Hemgri', 29),
(6309, 'Balisankara', 29),
(6310, 'Talasara', 29),
(6311, 'Balisanakara', 29),
(6312, 'Baragaon', 29),
(6313, 'Bargaon', 29),
(6314, 'Rajagangapur', 29),
(6315, 'Rajgangpur', 29),
(6316, 'Kutra', 29),
(6317, 'Bhasma', 29),
(6318, 'Kinjirkela', 29),
(6319, 'Tangarpai', 29),
(6320, 'Tangarpur', 29),
(6321, 'Kuta', 29),
(6322, 'Bondamunda', 29),
(6323, 'Biramitrapur', 29),
(6324, 'Kuarmunda', 29),
(6325, 'Hatibari', 29),
(6326, 'Kamarposh Balang', 29),
(6327, 'Bisra Block', 29),
(6328, 'Nuagaon Block', 29),
(6329, 'Gurundia', 29),
(6330, 'Banei', 29),
(6331, 'Bonaigarh', 29),
(6332, 'Koira', 29),
(6333, 'Lahunipara', 29),
(6334, 'Mahulpada', 29),
(6335, 'Phulwari', 5),
(6336, 'Patna Sadar', 5),
(6337, 'Sampatchak', 5),
(6338, 'Dinapur-Cum-Khagaul', 5),
(6339, 'Danapur', 5),
(6340, 'Patna', 5),
(6341, 'Paliganj', 5),
(6342, 'Dulhin Bazar', 5),
(6343, 'Bihta', 5),
(6344, 'Bikram', 5),
(6345, 'Maner', 5),
(6346, 'Naubatpur', 5),
(6347, 'Ekangersarai', 5),
(6348, 'Parwalpur', 5),
(6349, 'Nalanda', 5),
(6350, 'Ekangarsarai', 5),
(6351, 'Hilsa', 5),
(6352, 'Islampur', 5),
(6353, 'Ishlampur', 5),
(6354, 'Hulashganj', 5),
(6355, 'Daniyawan', 5),
(6356, 'Karaipersurai', 5),
(6357, 'Nagarnausa', 5),
(6358, 'Telhara', 5),
(6359, 'Chandi', 5),
(6360, 'Tharthari', 5),
(6361, 'Khagual', 5),
(6362, 'Buxar', 5),
(6363, 'Duraon', 5),
(6364, 'Chakki', 5),
(6365, 'Barhampur', 5),
(6366, 'Dumraon', 5),
(6367, 'Rajpur', 5),
(6368, 'Chausa', 5),
(6369, 'Simri', 5),
(6370, 'Itarhi', 5),
(6371, 'Kesath', 5),
(6372, 'Nawanagar', 5),
(6373, 'Mohania', 5),
(6374, 'Nuaon', 5),
(6375, 'Ramgarh', 5),
(6376, 'Behea', 5),
(6377, 'Jagdishpur', 5),
(6378, 'Bhojpur', 5),
(6379, 'Arrah', 5),
(6380, 'Jagdishpur Jagdishpur', 5),
(6381, 'Piru', 5),
(6382, 'Koilwar', 5),
(6383, 'Sandesh', 5),
(6384, 'Shahpur', 5),
(6385, 'Agiaon', 5),
(6386, 'Garhani', 5),
(6387, 'Piro', 5),
(6388, 'Tarari', 5),
(6389, 'Udwant Nagar', 5),
(6390, 'Dawath', 5),
(6391, 'Bikramganj', 5),
(6392, 'Sanjhauli', 5),
(6393, 'Dinara', 5),
(6394, 'Karakat', 5),
(6395, 'Sasaram', 5),
(6396, 'Nokha', 5),
(6397, 'Garh Nokha', 5),
(6398, 'Chainpur', 5),
(6399, 'Dehri', 5),
(6400, 'Dehri On Sone', 5),
(6401, 'Surajpura', 5),
(6402, 'Barhara', 5),
(6403, 'Bihar', 5),
(6404, 'Biharsharif', 5),
(6405, 'Asthawan', 5),
(6406, 'Asthama', 5),
(6407, 'Belchi Sharif', 5),
(6408, 'Bind', 5),
(6409, 'Rahui', 5),
(6410, 'Biharsarif', 5),
(6411, 'Warisaliganj', 5),
(6412, 'Nawada', 5),
(6413, 'Giriak', 5),
(6414, 'Belchi', 5),
(6415, 'Bakhtiarpur', 5),
(6416, 'Harnaut', 5),
(6417, 'Silao', 5),
(6418, 'Noorsaran', 5),
(6419, 'Ben', 5),
(6420, 'Noorsarai', 5),
(6421, 'Nursarai', 5),
(6422, 'Nusarai', 5),
(6423, 'Rajgir', 5),
(6424, 'Bathani', 5),
(6425, 'Sohsarai', 5),
(6426, 'Fatwah', 5),
(6427, 'Patna City', 5),
(6428, 'Dhanarua', 5),
(6429, 'Khusrupur', 5),
(6430, 'Athmalgola', 5),
(6431, 'Barh', 5),
(6432, 'Bakhtiarpurj', 5),
(6433, 'Bah', 5),
(6434, 'Pandarak', 5),
(6435, 'Bihar Sharif', 5),
(6436, 'Mokama', 5),
(6437, 'Ghoshwari', 5),
(6438, 'Ghoswari', 5),
(6439, 'Pandaak', 5),
(6440, 'Arwal', 5),
(6441, 'Kaler', 5),
(6442, 'Belaganj', 5),
(6443, 'Makhdumpur', 5),
(6444, 'Town Block Gaya', 5),
(6445, 'Gaya', 5),
(6446, 'Jehanabad', 5),
(6447, 'Ghoshi', 5),
(6448, 'Hulasganj', 5),
(6449, 'Kako', 5),
(6450, 'Karpi', 5),
(6451, 'Banshisurajpura', 5),
(6452, 'Banshi Surajpura', 5),
(6453, 'Kurtha', 5),
(6454, 'Banshi Surajpur', 5),
(6455, 'Sakurabad', 5),
(6456, 'Ratnifaridpur', 5),
(6457, 'Tekari', 5),
(6458, 'Masaurhi', 5),
(6459, 'Punpun', 5),
(6460, 'Pakribarawan', 5),
(6461, 'Akbarpur', 5),
(6462, 'Nawadha', 5),
(6463, 'Hisua', 5),
(6464, 'Roh', 5),
(6465, 'Kawakol', 5),
(6466, 'Kashi Chak', 5),
(6467, 'Gobindpur', 5),
(6468, 'Narhat', 5),
(6469, 'Meskaur', 5),
(6470, 'Nardiganj', 5),
(6471, 'Rajauli', 5),
(6472, 'Sirdala', 5),
(6473, 'Pakribrawana', 5),
(6474, 'Atri', 5),
(6475, 'Sheopursarai', 5),
(6476, 'Barbigha', 5),
(6477, 'Shekhopur', 5),
(6478, 'Sarmera', 5),
(6479, 'Shekhopur Sarai', 5),
(6480, 'Ashtawan', 5),
(6481, 'Shekhopursarai', 5),
(6482, 'Ghat Kushambha', 5),
(6483, 'Sheikhpura', 5),
(6484, 'Sermera', 5),
(6485, 'Shekhosarai', 5),
(6486, 'Shekhpur Sarai', 5),
(6487, 'Shekhopura Sarai', 5),
(6488, 'Ashthwan', 5),
(6489, 'Srmera', 5),
(6490, 'Ariyari', 5),
(6491, 'Aiary', 5),
(6492, 'Hathiyawan', 5),
(6493, 'Mehus', 5),
(6494, 'Samho', 5),
(6495, 'Shamho', 5),
(6496, 'Surajgarha', 5),
(6497, 'Surajgaraha', 5),
(6498, 'Ramgarh Chowk', 5),
(6499, 'Ghatkeshambha', 5),
(6500, 'Ghatkusumbha', 5),
(6501, 'Ghat Koshamba', 5),
(6502, 'Lakhisarai', 5),
(6503, 'Halsi', 5),
(6504, 'Munger', 5),
(6505, 'Jamalpur', 5),
(6506, 'Dharhara', 5),
(6507, 'Khagaria', 5),
(6508, 'Bariarpur', 5),
(6509, 'Sultanganj', 5),
(6510, 'Haweli Kharagpur', 5),
(6511, 'Sadar Munger', 5),
(6512, 'Dahrhara', 5),
(6513, 'Tetia', 5),
(6514, 'Tetiabambar', 5),
(6515, 'Hawelikhragpur', 5),
(6516, 'H Kharagpur', 5),
(6517, 'Tetiya Bambar', 5),
(6518, 'Hawelikharagpur', 5),
(6519, 'Tarapur', 5),
(6520, 'Tetia Bambar', 5),
(6521, 'Sangrampur', 5),
(6522, 'Islamnagar', 5),
(6523, 'Aliganj', 5),
(6524, 'Islam Nagar', 5),
(6525, 'Barhiya', 5),
(6526, 'Piparia', 5),
(6527, 'Mokamah', 5),
(6528, 'Chakai', 5),
(6529, 'Chakai So', 5),
(6530, 'Chewara', 5),
(6531, 'Sheikhpur', 5),
(6532, 'Khaira', 5),
(6533, 'Khira', 5),
(6534, 'Jamui', 5),
(6535, 'Gidhaur', 5),
(6536, 'Barhat', 5),
(6537, 'Jhajha', 5),
(6538, 'Khiara', 5),
(6539, 'Sono', 5),
(6540, 'Chandan', 5),
(6541, 'Jhajah', 5),
(6542, 'Bandhu Bagicha', 5),
(6543, 'Bannu Bagicha', 5),
(6544, 'Chanan (Bannu Bagicha)', 5),
(6545, 'Chanan(Bannu Bagicha)', 5),
(6546, 'Monghyr', 5),
(6547, 'Ramgarh Chowkq', 5),
(6548, 'Bannubagicha (Chanan)', 5),
(6549, 'Pipariya', 5),
(6550, 'Pipaia', 5),
(6551, 'Laxmipur', 5),
(6552, 'Barahat', 5),
(6553, 'Sonoi', 5),
(6554, 'Sikandra', 5),
(6555, 'Khaira Bo', 5),
(6556, 'Bhagalpur', 5),
(6557, 'Nathnagar', 5),
(6558, 'Nathnager', 5),
(6559, 'Colgong', 5),
(6560, 'Amarpur', 5),
(6561, 'Banka', 5),
(6562, 'Bausi', 5),
(6563, 'Katoria', 5),
(6564, 'Bounsi', 5),
(6565, 'Rajaun', 5),
(6566, 'Dhuraiya', 5),
(6567, 'Goradih', 5),
(6568, 'Chanan', 5),
(6569, 'Rajoun', 5),
(6570, 'Sahkund', 5),
(6571, 'Shahkund', 5),
(6572, 'Barahiya', 5),
(6573, 'Asarganj', 5),
(6574, 'Shambhuganj', 5),
(6575, 'Belhar', 5),
(6576, 'Kahalgoan', 5),
(6577, 'Kahalgaon', 5),
(6578, 'Bihariganj', 5),
(6579, 'Sonhaula', 5),
(6580, 'Sanhoula', 5),
(6581, 'Dharia', 5),
(6582, 'Pripainti', 5),
(6583, 'Pirpainti', 5),
(6584, 'Fullidumar', 5),
(6585, 'Phulidumar', 5),
(6586, 'Fulldumar', 5),
(6587, 'Sabour', 5),
(6588, 'Kharagpur', 5);
INSERT INTO `ec_cities` (`id`, `name`, `state_id`) VALUES
(6589, 'Narayanpur', 5),
(6590, 'Bhabua', 5),
(6591, 'Rohtas', 5),
(6592, 'Adhaura', 5),
(6593, 'Bhagwanpur', 5),
(6594, 'Chand', 5),
(6595, 'Bhabuaa', 5),
(6596, 'Chenari', 5),
(6597, 'Sheosagar', 5),
(6598, 'Rampur', 5),
(6599, 'Durgawati', 5),
(6600, 'Kargahar', 5),
(6601, 'Kudra', 5),
(6602, 'Koura', 5),
(6603, 'Kochas', 5),
(6604, 'Akorhi', 5),
(6605, 'Akorhi Gola', 5),
(6606, 'Akorhi Bazar', 5),
(6607, 'Tilouthu', 5),
(6608, 'Nasriganj', 5),
(6609, 'Manpur', 5),
(6610, 'Bodhgaya', 5),
(6611, 'Aurangabad', 5),
(6612, 'Madanpur', 5),
(6613, 'Amba', 5),
(6614, 'Barun', 5),
(6615, 'Daudnagar', 5),
(6616, 'Daunagar', 5),
(6617, 'Goh', 5),
(6618, 'Haspura', 5),
(6619, 'Rafiganj', 5),
(6620, 'Konch', 5),
(6621, 'Guraru', 5),
(6622, 'G.Mills', 5),
(6623, 'Jamhor', 5),
(6624, 'Rafigang', 5),
(6625, 'Kutumba', 5),
(6626, 'Obra', 5),
(6627, 'Barachatti', 5),
(6628, 'Barahcatti', 5),
(6629, 'Barahchatti', 5),
(6630, 'Brachatti', 5),
(6631, 'Deo', 5),
(6632, 'Gurua', 5),
(6633, 'Imamganj', 5),
(6634, 'Imamgnaj', 5),
(6635, 'Ko0Nch', 5),
(6636, 'Paraiya', 5),
(6637, 'Raniganj', 5),
(6638, 'Shergahati', 5),
(6639, 'Sherghati', 5),
(6640, 'Shergahti', 5),
(6641, 'Bankey Bazar', 5),
(6642, 'Bankey Bajar', 5),
(6643, 'Amas', 5),
(6644, 'Dobhi', 5),
(6645, 'Fatehpur Block', 5),
(6646, 'Fatehpur', 5),
(6647, 'Mohanpur', 5),
(6648, 'Khizirsarai', 5),
(6649, 'Khijersarai', 5),
(6650, 'Bodh Gaya', 5),
(6651, 'Tikari', 5),
(6652, 'Guruwa', 5),
(6653, 'Nabinagar', 5),
(6654, 'Nabi Nagar', 5),
(6655, 'Chapra', 5),
(6656, 'Dariapur', 5),
(6657, 'Sonepur', 5),
(6658, 'Dighwara', 5),
(6659, 'Saran', 5),
(6660, 'Manjhi', 5),
(6661, 'Garkha', 5),
(6662, 'Siwan', 5),
(6663, 'Ekma', 5),
(6664, 'Jalalpur', 5),
(6665, 'Lahladpur', 5),
(6666, 'Siswan', 5),
(6667, 'Revelganj', 5),
(6668, 'Parsa', 5),
(6669, 'Pachrukhi', 5),
(6670, 'Andar', 5),
(6671, 'Maharajganj', 5),
(6672, 'Mairwa', 5),
(6673, 'Siwn', 5),
(6674, 'Ziradei', 5),
(6675, 'Hasanpura', 5),
(6676, 'Amnour', 5),
(6677, 'Marhaura', 5),
(6678, 'Taraiya', 5),
(6679, 'Baniapur', 5),
(6680, 'Daraundha', 5),
(6681, 'Gopalganj', 5),
(6682, 'Bhagwanpur Hat', 5),
(6683, 'Panapur', 5),
(6684, 'Ishupur', 5),
(6685, 'Nagra', 5),
(6686, 'Lakri Nabiganj', 5),
(6687, 'Mashrakh', 5),
(6688, 'Guthani', 5),
(6689, 'Hathua', 5),
(6690, 'Gopalgan J', 5),
(6691, 'Gopal;Ganj', 5),
(6692, 'Maker', 5),
(6693, 'Mushahari', 5),
(6694, 'Muzaffarpur', 5),
(6695, 'Mushahri', 5),
(6696, 'Bochaha', 5),
(6697, 'Saraiya', 5),
(6698, 'Sakra', 5),
(6699, 'Sakara', 5),
(6700, 'Paroo', 5),
(6701, 'Kurhani', 5),
(6702, 'Kanti', 5),
(6703, 'Patepur', 5),
(6704, 'Motipur', 5),
(6705, 'Bandra', 5),
(6706, 'Minapur', 5),
(6707, 'Maniari', 5),
(6708, 'Muraul', 5),
(6709, 'Sahebganj', 5),
(6710, 'Marwan', 5),
(6711, 'Dumra', 5),
(6712, 'Riga', 5),
(6713, 'Bathnaha', 5),
(6714, 'Runisaidpur', 5),
(6715, 'Runnisaidpur', 5),
(6716, 'R.Saidpur', 5),
(6717, 'Aurai', 5),
(6718, 'Bairgania', 5),
(6719, 'Sitamarhi', 5),
(6720, 'Bajpatti', 5),
(6721, 'Majorganj', 5),
(6722, 'M. Ganj', 5),
(6723, 'Belsand', 5),
(6724, 'Sonbarsa', 5),
(6725, 'Sonbersa', 5),
(6726, 'Bokhra', 5),
(6727, 'Bokhara', 5),
(6728, 'Choraut', 5),
(6729, 'Pupri', 5),
(6730, 'Pupari', 5),
(6731, 'Katra', 5),
(6732, 'R. Saidpur', 5),
(6733, 'Parihar', 5),
(6734, 'Parsauni', 5),
(6735, 'Nanpur', 5),
(6736, 'Sheohar', 5),
(6737, 'Sursand', 5),
(6738, 'Piprahi', 5),
(6739, 'Purnahiya', 5),
(6740, 'Piprarhi', 5),
(6741, 'Hajipur', 5),
(6742, 'Raghopur', 5),
(6743, 'Bidupur', 5),
(6744, 'P. Belsar', 5),
(6745, 'P.Belsar', 5),
(6746, 'Belsar', 5),
(6747, 'Paedhi Belsar', 5),
(6748, 'Vaishali', 5),
(6749, 'Chehra Kalan', 5),
(6750, 'Bhaghwanpur', 5),
(6751, 'Rajapakar', 5),
(6752, 'Jhandaha', 5),
(6753, 'Goraul', 5),
(6754, 'Lalgang', 5),
(6755, 'Lalganj', 5),
(6756, 'Paterhi Belsar', 5),
(6757, 'Goroul', 5),
(6758, 'Kurhanni', 5),
(6759, 'Chehrakala', 5),
(6760, 'Mahuwa', 5),
(6761, 'Mahua', 5),
(6762, 'Mahnar', 5),
(6763, 'Patori', 5),
(6764, 'Desari', 5),
(6765, 'Sahdei Buzurg', 5),
(6766, 'Sahdei Bujurg', 5),
(6767, 'Jandaha', 5),
(6768, 'Jhanda', 5),
(6769, 'S Buzurg', 5),
(6770, 'Sahdai Buzurg', 5),
(6771, 'Bettiah', 5),
(6772, 'Bagaha-1', 5),
(6773, 'West Champaran', 5),
(6774, 'Motihari', 5),
(6775, 'Raxaul', 5),
(6776, 'Chauradano', 5),
(6777, 'Chaurdano', 5),
(6778, 'Bankatwa', 5),
(6779, 'Adapur', 5),
(6780, 'Ghorasahan', 5),
(6781, 'Dhaka', 5),
(6782, 'Sikarahana', 5),
(6783, 'Areraj', 5),
(6784, 'Chiraia', 5),
(6785, 'Motihari H.O.', 5),
(6786, 'Tetaria', 5),
(6787, 'Chakia', 5),
(6788, 'Chakia(Pipra)', 5),
(6789, 'East Champaran', 5),
(6790, 'P.Dayal', 5),
(6791, 'Kalyanpur', 5),
(6792, 'Pakri Dayal', 5),
(6793, 'Sikrahana', 5),
(6794, 'Paharpur', 5),
(6795, 'Madhuban', 5),
(6796, 'Harsidhi', 5),
(6797, 'Kotwa', 5),
(6798, 'Kesaria', 5),
(6799, 'Mehsi', 5),
(6800, 'Pakari Dayal', 5),
(6801, 'Piprakothi', 5),
(6802, 'Phenhara', 5),
(6803, 'Ramgarhwa', 5),
(6804, 'Klyanpur', 5),
(6805, 'Banjaria', 5),
(6806, 'Turkaulia', 5),
(6807, 'Bettiah H.O.', 5),
(6808, 'Sugauli', 5),
(6809, 'Patahi', 5),
(6810, 'Darbhanga', 5),
(6811, 'Hanumannagar', 5),
(6812, 'Benipatti', 5),
(6813, 'Jale', 5),
(6814, 'Benipur', 5),
(6815, 'Benipur]', 5),
(6816, 'Samastipur', 5),
(6817, 'Darbhnaga', 5),
(6818, 'Laukahi', 5),
(6819, 'Phulparas', 5),
(6820, 'Laukaha', 5),
(6821, 'Jhanjharpur', 5),
(6822, 'Jhanjhapur', 5),
(6823, 'Madhubani', 5),
(6824, 'Singhwara', 5),
(6825, 'Beniipur]', 5),
(6826, 'Biraul', 5),
(6827, 'Sadar Madhubani', 5),
(6828, 'Rajnagar', 5),
(6829, 'Babubarhi', 5),
(6830, 'Basopatti', 5),
(6831, 'Jaynagar', 5),
(6832, 'Jainagar', 5),
(6833, 'Ladania', 5),
(6834, 'Khajauli', 5),
(6835, 'Kaluahi', 5),
(6836, 'Harlakhi', 5),
(6837, 'Pandaul', 5),
(6838, 'Madhubnai', 5),
(6839, 'Andhratharhi', 5),
(6840, 'Beniptti', 5),
(6841, 'Ghoghardiha', 5),
(6842, 'Madhepur', 5),
(6843, 'Nirmali', 5),
(6844, 'Phulaparas', 5),
(6845, 'Supaul', 5),
(6846, 'Basantpur', 5),
(6847, 'Marauna', 5),
(6848, 'Chhatapur', 5),
(6849, 'Pusa', 5),
(6850, 'Dalsinghsarai', 5),
(6851, 'Bibhutpur', 5),
(6852, 'Mohiuddinagar', 5),
(6853, 'Begusarai', 5),
(6854, 'Hasanpur', 5),
(6855, 'Rosera', 5),
(6856, 'Teghra', 5),
(6857, 'Barauni', 5),
(6858, 'Begusarai H.O', 5),
(6859, 'Balia', 5),
(6860, 'Mansi', 5),
(6861, 'Udakishanganj', 5),
(6862, 'Uda Kishanganj', 5),
(6863, 'Udakisanganj', 5),
(6864, 'Saharsa', 5),
(6865, 'Saraigarh', 5),
(6866, 'Saraigarh Bhaptiyahi', 5),
(6867, 'Simri Bakhtiarpur', 5),
(6868, 'Simri Bakhtiapur', 5),
(6869, 'Patarghat', 5),
(6870, 'Pataghat', 5),
(6871, 'Gamharia', 5),
(6872, 'Gamaharia', 5),
(6873, 'Pipra', 5),
(6874, 'Gamahria', 5),
(6875, 'Pipra Bazar', 5),
(6876, 'Kumarkhan', 5),
(6877, 'Kumarkhand', 5),
(6878, 'Madhepura', 5),
(6879, 'Madhepura Mdg', 5),
(6880, 'Gwalapara', 5),
(6881, 'Puraini', 5),
(6882, 'Chousa', 5),
(6883, 'Sour Bazar', 5),
(6884, 'Murliganj', 5),
(6885, 'Nauhatta', 5),
(6886, 'Satar Kataiya', 5),
(6887, 'Sattar', 5),
(6888, 'Pratapganj', 5),
(6889, 'Salkhua', 5),
(6890, 'Banma', 5),
(6891, 'Singheshwar', 5),
(6892, 'Singheshwar\\', 5),
(6893, 'Singheswar', 5),
(6894, 'Sonbersa Raj', 5),
(6895, 'Sbraj', 5),
(6896, 'Shankarpur', 5),
(6897, 'Chhata Pur', 5),
(6898, 'Kishanpur', 5),
(6899, 'Triveniganj', 5),
(6900, 'Tribeniganj', 5),
(6901, 'Triveniganj\\', 5),
(6902, 'Beldaur', 5),
(6903, 'Kahara', 5),
(6904, 'Kahra', 5),
(6905, 'Sour Bazar \\', 5),
(6906, 'Chattapur', 5),
(6907, 'Ragahopur', 5),
(6908, 'Mahishi', 5),
(6909, 'S.B.Raj', 5),
(6910, 'Piprabazar', 5),
(6911, 'Alamnagar', 5),
(6912, 'Sanagar', 5),
(6913, 'S.A.Nagar', 5),
(6914, 'Shah Alam Nagar', 5),
(6915, 'Kishanganj', 5),
(6916, 'Udakishunganj', 5),
(6917, 'Saur Bazar', 5),
(6918, 'Bihpur', 5),
(6919, 'Bhipur', 5),
(6920, 'Kharik', 5),
(6921, 'Kharik Bazar', 5),
(6922, 'Kharikbazar', 5),
(6923, 'Parbatta', 5),
(6924, 'Gopalpur', 5),
(6925, 'Rangra Chowk', 5),
(6926, 'Rupauli', 5),
(6927, 'Kursela', 5),
(6928, 'Naugachia', 5),
(6929, 'Naugachhia', 5),
(6930, 'Ismailpur', 5),
(6931, 'Purnia', 5),
(6932, 'Katihar', 5),
(6933, 'Purnea', 5),
(6934, 'Bamankhi', 5),
(6935, 'Araria', 5),
(6936, 'Araria Rs', 5),
(6937, 'Araraia', 5),
(6938, 'Baisi', 5),
(6939, 'Arraia', 5),
(6940, 'Araira', 5),
(6941, 'Birpur', 5),
(6942, 'Chatapur', 5),
(6943, 'Kishaganj', 5),
(6944, 'Kishagnaj', 5),
(6945, 'Kishanaganj', 5),
(6946, 'Kaihar', 5),
(6947, 'Kishanagnj', 5),
(6948, 'Kishangnj', 5),
(6949, 'Kishanganhj', 5),
(6950, 'Kishangaj', 5),
(6951, 'Boarijor', 16),
(6952, 'Meharma', 16),
(6953, 'Borio', 16),
(6954, 'Mandro', 16),
(6955, 'Boarijore', 16),
(6956, 'Dumka', 16),
(6957, 'Poriyahat', 16),
(6958, 'Ramgarah', 16),
(6959, 'Ramgarh', 16),
(6960, 'Poraiyahat', 16),
(6961, 'Kathikund', 16),
(6962, 'Gopikandar', 16),
(6963, 'Kathikiund', 16),
(6964, 'Jama', 16),
(6965, 'Masalia', 16),
(6966, 'Amrapara', 16),
(6967, 'Mahesapur', 16),
(6968, 'Maheshpur', 16),
(6969, 'Deoghar', 16),
(6970, 'Mohanpur', 16),
(6971, 'Debipur', 16),
(6972, 'Jarmundi', 16),
(6973, 'Sikaripara', 16),
(6974, 'Masaliya', 16),
(6975, 'Jarmudi', 16),
(6976, 'Godda', 16),
(6977, 'Pathargama', 16),
(6978, 'Pahargama', 16),
(6979, 'Pakur', 16),
(6980, 'Doghar', 16),
(6981, 'Sarwan', 16),
(6982, 'Raneshwar', 16),
(6983, 'Raneswar', 16),
(6984, 'Sariyahat', 16),
(6985, 'Saraiyahat', 16),
(6986, 'Saraiyhat', 16),
(6987, 'Palojori', 16),
(6988, 'Mahagama', 16),
(6989, 'Pathergama', 16),
(6990, 'Gouraijore', 16),
(6991, 'Raniswar', 16),
(6992, 'Sarath', 16),
(6993, 'Sarayahat', 16),
(6994, 'Sarayaha', 16),
(6995, 'Devipur', 16),
(6996, 'Dibipur', 16),
(6997, 'Debuipur', 16),
(6998, 'Rohni', 16),
(6999, 'Sunderpahari', 16),
(7000, 'Mahagam', 16),
(7001, 'Mahagama.', 16),
(7002, 'Mahgama', 16),
(7003, 'Sunder Pahari', 16),
(7004, 'Bokaro', 16),
(7005, 'Sundar Pahari', 16),
(7006, 'Sundarpahari', 16),
(7007, 'Sunadar Pahari', 16),
(7008, 'Rmagarh', 16),
(7009, 'Kundahit', 16),
(7010, 'Kundahir', 16),
(7011, 'Kundhahit', 16),
(7012, 'Giridih', 16),
(7013, 'Bengabad', 16),
(7014, 'Bengabd', 16),
(7015, 'Ganwan', 16),
(7016, 'Deori', 16),
(7017, 'Jamua', 16),
(7018, 'Beniadih', 16),
(7019, 'Jmua', 16),
(7020, 'Tisri', 16),
(7021, 'Jamuagiridih', 16),
(7022, 'Jamtara', 16),
(7023, 'Nala', 16),
(7024, 'Narayanpur', 16),
(7025, 'Sarth', 16),
(7026, 'Bnarayanpur', 16),
(7027, 'Narayapur', 16),
(7028, 'Madhupur', 16),
(7029, 'Satath', 16),
(7030, 'Karon', 16),
(7031, 'Koron', 16),
(7032, 'Rajmahal', 16),
(7033, 'Taljhari', 16),
(7034, 'Pathna', 16),
(7035, 'Barharwa', 16),
(7036, 'Udhua', 16),
(7037, 'Uedhwa', 16),
(7038, 'Uedhua', 16),
(7039, 'Littipara', 16),
(7040, 'Barhait', 16),
(7041, 'Sahibganj', 16),
(7042, 'Barhit', 16),
(7043, 'Pakuria', 16),
(7044, 'Shikaripara', 16),
(7045, 'Shikripara', 16),
(7046, 'Litipara', 16),
(7047, 'Hiranpur', 16),
(7048, 'Maheshpru', 16),
(7049, 'Pakaur', 16),
(7050, 'Udhwa', 16),
(7051, 'Rahmahal', 16),
(7052, 'Gopikander', 16),
(7053, 'Daltonganj', 16),
(7054, 'Palamau', 16),
(7055, 'Patan', 16),
(7056, 'Rehala', 16),
(7057, 'Chainpur', 16),
(7058, 'Chinpur', 16),
(7059, 'Barwadih', 16),
(7060, 'Garhwa', 16),
(7061, 'Balumath', 16),
(7062, 'Chhatarpur', 16),
(7063, 'Chhatarpru', 16),
(7064, 'Chhtarpur', 16),
(7065, 'Chhatapru', 16),
(7066, 'Japla', 16),
(7067, 'Lesliganj', 16),
(7068, 'Leshliganj', 16),
(7069, 'Mahuwadand', 16),
(7070, 'Mahuwdand', 16),
(7071, 'Lapla', 16),
(7072, 'Nagar Utari', 16),
(7073, 'Panki', 16),
(7074, 'Bisrampur', 16),
(7075, 'Bishrampur', 16),
(7076, 'Ranka Raj', 16),
(7077, 'Satbarwa', 16),
(7078, 'Meral', 16),
(7079, 'Bhawanathpur', 16),
(7080, 'Harihar Ganj', 16),
(7081, 'Hariharganj', 16),
(7082, 'Daltoganj', 16),
(7083, 'Chitarpur', 16),
(7084, 'Gola', 16),
(7085, 'Bermo', 16),
(7086, 'Simaria', 16),
(7087, 'Dumri', 16),
(7088, 'Pirtand', 16),
(7089, 'Jainagar', 16),
(7090, 'Koderma', 16),
(7091, 'Hazaribagh', 16),
(7092, 'Katkamsandi', 16),
(7093, 'Sadar', 16),
(7094, 'Churchu', 16),
(7095, 'Ichak', 16),
(7096, 'Hazaribag', 16),
(7097, 'Barkagaon', 16),
(7098, 'Bishungarh', 16),
(7099, 'Bishnugarh', 16),
(7100, 'Mandu', 16),
(7101, 'Konardam', 16),
(7102, 'Sdar', 16),
(7103, 'Markach', 16),
(7104, 'Markacho', 16),
(7105, 'Katakamsandi', 16),
(7106, 'Bagodar', 16),
(7107, 'Tandwa', 16),
(7108, 'Barkatha', 16),
(7109, 'Barkhatha', 16),
(7110, 'Birni', 16),
(7111, 'Chauparan', 16),
(7112, 'Chatra', 16),
(7113, 'Hunterganj', 16),
(7114, 'Karma', 16),
(7115, 'Jori', 16),
(7116, 'Pratappur', 16),
(7117, 'Patratu', 16),
(7118, 'Barhi', 16),
(7119, 'Chouparan', 16),
(7120, 'Kodarma', 16),
(7121, 'Itkhori', 16),
(7122, 'Gidhaur', 16),
(7123, 'Chandwara', 16),
(7124, 'Padma', 16),
(7125, 'Dhanwar', 16),
(7126, 'Dhanwatr', 16),
(7127, 'Djanwar', 16),
(7128, 'Ddhanwan', 16),
(7129, 'Dhanbad', 16),
(7130, 'Chas', 16),
(7131, 'Kasmar', 16),
(7132, 'Tisra', 16),
(7133, 'Mugma', 16),
(7134, 'Gomia', 16),
(7135, 'Peterbar', 16),
(7136, 'Ramgarh Cantt', 16),
(7137, 'Tenughat', 16),
(7138, 'Nawadih', 16),
(7139, 'Bachra', 16),
(7140, 'Malumath', 16),
(7141, 'Chandwa', 16),
(7142, 'Latehar', 16),
(7143, 'Mander', 16),
(7144, 'Bundu', 16),
(7145, 'Burmu', 16),
(7146, 'Dakra', 16),
(7147, 'Jamshedpur', 16),
(7148, 'Sakchi', 16),
(7149, 'Mango', 16),
(7150, 'Bistupur Bazar', 16),
(7151, 'Bistupur Gate', 16),
(7152, 'Rajnagar', 16),
(7153, 'Singhbhum', 16),
(7154, 'Dhalbhum', 16),
(7155, 'Dhalbhum, Jamshedpur', 16),
(7156, 'Golmuri', 16),
(7157, 'Indranagar', 16),
(7158, 'Dhalbhum Jamshedpur', 16),
(7159, 'Kadma', 16),
(7160, 'Jugsalai', 16),
(7161, 'Burma Mines', 16),
(7162, 'Agrico', 16),
(7163, 'East Singhbhum', 16),
(7164, 'Gobindpur', 16),
(7165, 'Rahargora', 16),
(7166, 'Baridih Colony', 16),
(7167, 'Mango Notified Area', 16),
(7168, 'Baharagora', 16),
(7169, 'Ghatshila', 16),
(7170, 'Ghatsila', 16),
(7171, 'Jadugoda', 16),
(7172, 'Moubhandar', 16),
(7173, 'Dumaria', 16),
(7174, 'Mosabani', 16),
(7175, 'Patamda', 16),
(7176, 'R.C.Project', 16),
(7177, 'Sundarnagar', 16),
(7178, 'Tatanagar', 16),
(7179, 'Gamharia', 16),
(7180, 'Seraikella Kharsawan', 16),
(7181, 'A.I .Area', 16),
(7182, 'Azadnagar', 16),
(7183, 'Chakulia', 16),
(7184, 'Dhalbhumgarh', 16),
(7185, 'Mahulia', 16),
(7186, 'Chandil', 16),
(7187, 'Seraikella Kharsawanq', 16),
(7188, 'Kandra', 16),
(7189, 'Tiruldih', 16),
(7190, 'Chowka', 16),
(7191, 'Seraikalla Kharsawan', 16),
(7192, 'Amda', 16),
(7193, 'West Singhbhum', 16),
(7194, 'Chakradharpur', 16),
(7195, 'Chakdradharpur', 16),
(7196, 'Goilkera', 16),
(7197, 'Manoharpur', 16),
(7198, 'Jagannathpur', 16),
(7199, 'Sonua', 16),
(7200, 'Chakrdharpur', 16),
(7201, 'Seraikela', 16),
(7202, 'Chiria', 16),
(7203, 'Chaibasa', 16),
(7204, 'Jagganathpur', 16),
(7205, 'Danguaposi', 16),
(7206, 'Gua', 16),
(7207, 'Hatgamaria', 16),
(7208, 'Jhinkpani', 16),
(7209, 'Kharsawangarh', 16),
(7210, 'Seraikera', 16),
(7211, 'Seraikella', 16),
(7212, 'Noamundi', 16),
(7213, 'Sini', 16),
(7214, 'Barajamda', 16),
(7215, 'Kiriburu', 16),
(7216, 'Megahatuburu', 16),
(7217, 'Ranchi', 16),
(7218, 'Kanke', 16),
(7219, 'Namkum', 16),
(7220, 'Silli', 16),
(7221, 'Angara', 16),
(7222, 'Bano', 16),
(7223, 'Bero', 16),
(7224, 'Bharno', 16),
(7225, 'Gumla', 16),
(7226, 'Mandar', 16),
(7227, 'Karra', 16),
(7228, 'Khunti', 16),
(7229, 'Kolibira', 16),
(7230, 'Kolibera', 16),
(7231, 'Kolebira', 16),
(7232, 'Kurdeg', 16),
(7233, 'Simdega', 16),
(7234, 'Kuru', 16),
(7235, 'Chanho', 16),
(7236, 'Bandgaon', 16),
(7237, 'Murhu', 16),
(7238, 'Lohardaga', 16),
(7239, 'Ormanjhi', 16),
(7240, 'Ormanhji', 16),
(7241, 'Ormanchi', 16),
(7242, 'Palkot', 16),
(7243, 'Ratu', 16),
(7244, 'Tamar', 16),
(7245, 'Thethaitangar', 16),
(7246, 'Bolba', 16),
(7247, 'Torpa', 16),
(7248, 'Kamdara', 16),
(7249, 'Rania', 16),
(7250, 'Basia', 16),
(7251, 'Nodih', 16),
(7252, 'Noadih', 16),
(7253, 'Bishunpur', 16),
(7254, 'Nawagarh', 16),
(7255, 'Gomla', 16),
(7256, 'Nwagarh', 16),
(7257, 'Toto', 16),
(7258, 'Lapung', 16),
(7259, 'Itki', 16),
(7260, 'Ohardaga', 16),
(7261, 'Bhandra', 16),
(7262, 'Lohardags', 16),
(7263, 'Sisai', 16),
(7264, 'Bhandara', 16),
(7265, 'Gorakpur', 38),
(7266, 'West Vinod Nagar', 2),
(7268, 'Faridabad', 2),
(7274, 'Central Delhi', 10),
(7275, 'New Delhi', 10),
(7276, 'South Delhi', 10),
(7277, 'North Delhi', 10),
(7278, 'North West Delhi', 10),
(7279, 'South West Delhi', 10),
(7280, 'West Delhi', 10),
(7281, 'East Delhi', 10),
(7282, 'North East Delhi', 10),
(7283, 'Gurgaon', 10),
(7284, 'Faridabad', 10),
(7285, 'Ghaziabad', 10),
(7286, 'Noida', 10),
(7287, 'Agra', 39),
(7288, 'Aligarh', 39),
(7289, 'Bulandshahar', 39),
(7290, 'Dehradun', 39),
(7291, 'Firozabad', 39),
(7292, 'Haldwani', 39),
(7293, 'Hardwar', 39),
(7294, 'Mathura', 39),
(7295, 'Meerut', 39),
(7296, 'Moradabad', 39),
(7297, 'Muzaffarnagar', 39),
(7298, 'Rampur', 39),
(7299, 'Saharanpur', 39),
(7300, 'Allahabad', 42),
(7301, 'Ballia', 42),
(7302, 'Barabanki', 42),
(7303, 'Bareilly', 42),
(7304, 'Basti', 42),
(7305, 'Chitrakoot', 42),
(7306, 'Faizabad', 42),
(7307, 'Farukhabad', 42),
(7308, 'Fatehpur', 42),
(7309, 'Ghazipur', 42),
(7310, 'Hardoi', 42),
(7311, 'Kanpur', 42),
(7312, 'Khalilabad', 42),
(7313, 'Kushinagar', 42),
(7314, 'Lalitpur', 42),
(7315, 'Lucknow', 42),
(7316, 'Mirzapur', 42),
(7317, 'Pilibhit', 42),
(7318, 'Raibareilly', 42),
(7319, 'Sitapur', 42),
(7320, 'Unnao', 42),
(7321, 'Varanasi', 42),
(7322, 'Sonbhadra', 42),
(7323, 'Chandigarh', 6),
(7324, '6', 0),
(7325, 'Panchkula', 6),
(7326, 'Ropar', 6),
(7327, 'Rupnagar', 6),
(7328, 'Mohali', 6),
(7329, 'Patiala', 6),
(7330, 'Sangrur', 6),
(7331, 'Barnala', 6),
(7332, 'Bathinda', 6),
(7333, 'Shimla', 6),
(7334, 'Solan', 6),
(7335, 'Kullu', 6),
(7336, 'Kinnaur', 6),
(7337, 'Lahul & Spiti', 6),
(7338, 'Sirmaur', 6),
(7339, 'Bilaspur (HP)', 6),
(7340, 'Una', 6),
(7341, 'Hamirpur(HP)', 6),
(7342, 'Mandi', 6),
(7343, 'Kangra', 6),
(7344, 'Chamba', 6),
(7345, 'Jaunpur', 42),
(7346, 'Shahjahanpur', 42),
(7347, 'Gorakhpur', 42),
(7348, 'Mahrajganj', 42),
(7349, 'Hyderabad', 36),
(7351, 'visakhapatnum', 2);

-- --------------------------------------------------------

--
-- Table structure for table `ec_coupon`
--

DROP TABLE IF EXISTS `ec_coupon`;
CREATE TABLE IF NOT EXISTS `ec_coupon` (
  `_ID` int(11) NOT NULL AUTO_INCREMENT,
  `_Code` varchar(256) DEFAULT NULL,
  `_Description` varchar(255) DEFAULT NULL,
  `_Type` int(11) DEFAULT NULL,
  `_Amount` int(100) DEFAULT NULL,
  `_Fromdate` date DEFAULT NULL,
  `_Todate` date DEFAULT NULL,
  `_CatID` longtext CHARACTER SET utf8mb4 COLLATE utf8mb4_bin DEFAULT NULL CHECK (json_valid(`_CatID`)),
  `_Subcatid` varchar(255) DEFAULT NULL,
  `_Status` int(11) DEFAULT NULL,
  `_Image` varchar(256) DEFAULT NULL,
  `_Created` datetime(6) DEFAULT NULL,
  PRIMARY KEY (`_ID`)
) ENGINE=MyISAM AUTO_INCREMENT=6 DEFAULT CHARSET=latin1;

--
-- Dumping data for table `ec_coupon`
--

INSERT INTO `ec_coupon` (`_ID`, `_Code`, `_Description`, `_Type`, `_Amount`, `_Fromdate`, `_Todate`, `_CatID`, `_Subcatid`, `_Status`, `_Image`, `_Created`) VALUES
(4, 'MEGA OFFER', 'Mega offer offers that, you need to buy 3 of our products, like shirt/tshirt, jeans and shoes and your cart value become 1500 for any product.', 2, 500, '2020-07-20', '2020-08-20', '1', '[\"4\",\"5\",\"6\"]', 1, NULL, '2020-08-07 13:17:03.000000');

-- --------------------------------------------------------

--
-- Table structure for table `ec_extra_field`
--

DROP TABLE IF EXISTS `ec_extra_field`;
CREATE TABLE IF NOT EXISTS `ec_extra_field` (
  `_ID` int(11) NOT NULL AUTO_INCREMENT,
  `_Title1` varchar(255) DEFAULT NULL,
  `_Title2` varchar(255) DEFAULT NULL,
  `_Image` varchar(1000) DEFAULT NULL,
  `_Created` datetime(6) DEFAULT NULL,
  PRIMARY KEY (`_ID`)
) ENGINE=MyISAM AUTO_INCREMENT=7 DEFAULT CHARSET=latin1;

--
-- Dumping data for table `ec_extra_field`
--

INSERT INTO `ec_extra_field` (`_ID`, `_Title1`, `_Title2`, `_Image`, `_Created`) VALUES
(1, 'seiko', 'Subcultures ', 'slide-01_large.jpg', '2020-08-04 09:07:09.000000'),
(2, ' Season sale ', '50 %', 'banner-layout-2_large.jpg', '2020-08-08 14:11:01.000000'),
(6, 'New collection ', ' WOMEN\'S  FASHION', 'banner-layout-3_large.jpg', '2020-08-04 09:36:49.000000');

-- --------------------------------------------------------

--
-- Table structure for table `ec_gallery`
--

DROP TABLE IF EXISTS `ec_gallery`;
CREATE TABLE IF NOT EXISTS `ec_gallery` (
  `_ID` int(11) NOT NULL AUTO_INCREMENT,
  `_Image` varchar(1000) DEFAULT NULL,
  `_Title` varchar(100) DEFAULT NULL,
  `_Url` longtext CHARACTER SET utf8mb4 COLLATE utf8mb4_bin DEFAULT NULL CHECK (json_valid(`_Url`)),
  `_Created` datetime(6) DEFAULT NULL,
  PRIMARY KEY (`_ID`)
) ENGINE=MyISAM AUTO_INCREMENT=3 DEFAULT CHARSET=latin1;

--
-- Dumping data for table `ec_gallery`
--

INSERT INTO `ec_gallery` (`_ID`, `_Image`, `_Title`, `_Url`, `_Created`) VALUES
(1, '[{\"name\":\"1596783747.7718.jpeg\"}]', 'Evening', '[\"www.google.com\", \"www.gmail.com\"]', '2020-08-07 07:03:51.000000'),
(2, '[{\"name\":\"1596887328.8701.jpg\"},{\"name\":\"1596887329.0656.jpg\"},{\"name\":\"1596887329.1538.jpg\"},{\"name\":\"1596887329.2421.jpg\"},{\"name\":\"1596887329.324.jpg\"},{\"name\":\"1596887329.4717.jpg\"},{\"name\":\"1596887329.5552.jpg\"}]', 'Beauty  is Everywhere', '[\"www.google.com\"]', '2020-08-08 11:48:49.000000');

-- --------------------------------------------------------

--
-- Table structure for table `ec_orders`
--

DROP TABLE IF EXISTS `ec_orders`;
CREATE TABLE IF NOT EXISTS `ec_orders` (
  `_ID` int(11) NOT NULL AUTO_INCREMENT,
  `_Orderid` varchar(250) DEFAULT NULL,
  `_Userid` int(11) DEFAULT NULL,
  `_Couponid` int(10) DEFAULT NULL,
  `_Subtotal` varchar(250) DEFAULT NULL,
  `_Getwayid` int(250) DEFAULT NULL,
  `_Paymentstatus` enum('0','1','2') NOT NULL DEFAULT '0' COMMENT '0 for pending,1 for paid,2 for refund',
  `_Orderstatus` enum('0','1','2','3','4') NOT NULL DEFAULT '0' COMMENT '0 for pending,1 for approved,2 for shipping,3 for deliverd,4 for cancelled',
  `_Grandtotal` varchar(250) DEFAULT NULL,
  `_Discount` varchar(250) DEFAULT NULL,
  `_Invoiceid` varchar(250) DEFAULT NULL,
  `_Invoicedate` datetime DEFAULT NULL,
  `_Created` datetime DEFAULT NULL,
  `_Orderdate` datetime DEFAULT NULL,
  PRIMARY KEY (`_ID`)
) ENGINE=MyISAM AUTO_INCREMENT=5 DEFAULT CHARSET=latin1;

--
-- Dumping data for table `ec_orders`
--

INSERT INTO `ec_orders` (`_ID`, `_Orderid`, `_Userid`, `_Couponid`, `_Subtotal`, `_Getwayid`, `_Paymentstatus`, `_Orderstatus`, `_Grandtotal`, `_Discount`, `_Invoiceid`, `_Invoicedate`, `_Created`, `_Orderdate`) VALUES
(1, '1001', 20, 4, '669', 0, '0', '1', '500', '500', NULL, NULL, '2020-08-19 09:30:45', NULL),
(2, '1002', 20, NULL, '996', 0, '0', '1', '996', '0', NULL, NULL, '2020-08-19 07:26:52', NULL),
(3, '1003', 20, 4, '2636', 0, '0', '1', '2636', '100', NULL, NULL, '2020-08-19 07:29:11', NULL),
(4, '1004', 20, 4, '3037', 0, '0', '1', '2668', '500', NULL, NULL, '2020-08-19 11:07:26', NULL);

-- --------------------------------------------------------

--
-- Table structure for table `ec_order_detail`
--

DROP TABLE IF EXISTS `ec_order_detail`;
CREATE TABLE IF NOT EXISTS `ec_order_detail` (
  `_ID` int(11) NOT NULL AUTO_INCREMENT,
  `_UserID` varchar(255) DEFAULT NULL,
  `_ProductID` int(250) DEFAULT NULL,
  `_OrderID` varchar(255) DEFAULT NULL,
  `_Quantity` int(250) DEFAULT NULL,
  `_Size` varchar(100) DEFAULT NULL,
  `_Color` varchar(100) DEFAULT NULL,
  `_Unitprice` varchar(250) DEFAULT NULL,
  `_Subtotal` varchar(250) DEFAULT NULL,
  `_Created` datetime NOT NULL,
  PRIMARY KEY (`_ID`)
) ENGINE=MyISAM AUTO_INCREMENT=54 DEFAULT CHARSET=latin1;

--
-- Dumping data for table `ec_order_detail`
--

INSERT INTO `ec_order_detail` (`_ID`, `_UserID`, `_ProductID`, `_OrderID`, `_Quantity`, `_Size`, `_Color`, `_Unitprice`, `_Subtotal`, `_Created`) VALUES
(1, '20', 19, '1001', 4, 'L', 'White', '210', '840', '2020-08-19 07:14:51'),
(2, '20', 19, '1001', 6, 'S', 'Yellow', '210', '1260', '2020-08-19 07:14:51'),
(3, '20', 20, '1003', 4, 'Medium', 'Grey', '249', '996', '2020-08-19 07:27:24'),
(4, '20', 24, '1003', 4, 'Medium', 'Red', '410', '1640', '2020-08-19 07:29:25'),
(5, '20', 24, '1001', 1, 'L', 'White', '210', '210', '2020-08-19 09:32:22'),
(6, '20', 24, '1001', 1, 'L', 'White', '210', '210', '2020-08-19 09:32:30'),
(7, '20', 24, '1001', 1, 'L', 'White', '210', '210', '2020-08-19 09:33:09'),
(8, '20', 24, '1001', 1, 'L', 'White', '210', '210', '2020-08-19 09:34:11'),
(9, '20', 24, '1001', 1, 'L', 'White', '210', '210', '2020-08-19 09:34:18'),
(10, '20', 24, '1001', 1, 'L', 'White', '210', '210', '2020-08-19 09:34:38'),
(11, '20', 24, '1001', 1, 'L', 'White', '210', '210', '2020-08-19 09:35:03'),
(12, '20', 24, '1001', 1, 'L', 'White', '210', '210', '2020-08-19 09:35:31'),
(13, '20', 24, '1001', 1, 'L', 'White', '210', '210', '2020-08-19 09:35:52'),
(14, '20', 24, '1001', 1, 'L', 'White', '210', '210', '2020-08-19 09:36:20'),
(15, '20', 24, '1001', 1, 'L', 'White', '210', '210', '2020-08-19 09:36:40'),
(16, '20', 24, '1001', 1, 'L', 'White', '210', '210', '2020-08-19 09:37:01'),
(17, '20', 24, '1001', 1, 'L', 'White', '210', '210', '2020-08-19 09:37:24'),
(18, '20', 24, '1001', 1, 'L', 'White', '210', '210', '2020-08-19 09:37:42'),
(19, '20', 24, '1001', 1, 'L', 'White', '210', '210', '2020-08-19 09:38:02'),
(20, '20', 24, '1001', 1, 'L', 'White', '210', '210', '2020-08-19 09:38:21'),
(21, '20', 24, '1001', 1, 'L', 'White', '210', '210', '2020-08-19 09:38:41'),
(22, '20', 24, '1001', 1, 'L', 'White', '210', '210', '2020-08-19 09:39:46'),
(23, '20', 24, '1001', 1, 'L', 'White', '210', '210', '2020-08-19 09:40:26'),
(24, '20', 24, '1001', 1, 'L', 'White', '210', '210', '2020-08-19 09:43:16'),
(25, '20', 24, '1001', 1, 'L', 'White', '210', '210', '2020-08-19 09:44:16'),
(26, '20', 19, '1001', 1, 'L', 'White', '210', '210', '2020-08-19 09:45:01'),
(27, '20', 19, '1001', 1, 'L', 'White', '210', '210', '2020-08-19 09:45:32'),
(28, '20', 19, '1001', 1, 'L', 'White', '210', '210', '2020-08-19 09:47:21'),
(29, '20', 19, '1001', 1, 'L', 'White', '210', '210', '2020-08-19 09:47:40'),
(30, '20', 19, '1001', 1, 'L', 'White', '210', '210', '2020-08-19 09:48:05'),
(31, '20', 19, '1001', 1, 'L', 'White', '210', '210', '2020-08-19 09:48:22'),
(32, '20', 19, '1001', 1, 'L', 'White', '210', '210', '2020-08-19 09:49:31'),
(33, '20', 19, '1001', 1, 'L', 'White', '210', '210', '2020-08-19 09:51:11'),
(34, '20', 19, '1001', 1, 'L', 'White', '210', '210', '2020-08-19 09:52:08'),
(35, '20', 19, '1001', 1, 'L', 'White', '210', '210', '2020-08-19 09:52:27'),
(36, '20', 19, '1001', 1, 'L', 'White', '210', '210', '2020-08-19 09:52:36'),
(37, '20', 19, '1001', 1, 'L', 'White', '210', '210', '2020-08-19 09:53:04'),
(38, '20', 19, '1001', 1, 'L', 'White', '210', '210', '2020-08-19 09:53:23'),
(39, '20', 19, '1001', 1, 'L', 'White', '210', '210', '2020-08-19 09:54:03'),
(40, '20', 19, '1001', 1, 'L', 'White', '210', '210', '2020-08-19 09:54:16'),
(41, '20', 19, '1001', 1, 'L', 'White', '210', '210', '2020-08-19 09:54:28'),
(42, '20', 19, '1001', 1, 'L', 'White', '210', '210', '2020-08-19 09:54:48'),
(43, '20', 19, '1001', 1, 'L', 'White', '210', '210', '2020-08-19 09:54:58'),
(44, '20', 25, '1001', 1, 'Large', 'White', '210', '210', '2020-08-19 09:54:58'),
(45, '20', 20, '1001', 1, 'Medium', 'Grey', '249', '249', '2020-08-19 09:54:58'),
(46, '20', 19, '1001', 1, 'L', 'White', '210', '210', '2020-08-19 09:56:07'),
(47, '20', 25, '1001', 1, 'Large', 'White', '210', '210', '2020-08-19 09:56:07'),
(48, '20', 20, '1001', 1, 'Medium', 'Grey', '249', '249', '2020-08-19 09:56:07'),
(49, '20', 20, '1004', 5, 'Medium', 'Grey', '249', '1245', '2020-08-19 09:58:00'),
(50, '20', 24, '1004', 2, 'Medium', 'Red', '410', '820', '2020-08-19 11:07:38'),
(51, '20', 19, '1004', 3, 'L', 'White', '210', '630', '2020-08-19 11:07:38'),
(52, '20', 25, '1004', 4, 'Large', 'White', '210', '840', '2020-08-19 11:07:38'),
(53, '20', 20, '1004', 3, 'Medium', 'Grey', '249', '747', '2020-08-19 11:07:38');

-- --------------------------------------------------------

--
-- Table structure for table `ec_pages`
--

DROP TABLE IF EXISTS `ec_pages`;
CREATE TABLE IF NOT EXISTS `ec_pages` (
  `_ID` int(11) NOT NULL AUTO_INCREMENT,
  `_Title` varchar(255) DEFAULT NULL,
  `_Content` varchar(2000) DEFAULT NULL,
  `_Status` int(11) DEFAULT NULL,
  `_Created` datetime(6) DEFAULT NULL,
  PRIMARY KEY (`_ID`)
) ENGINE=MyISAM AUTO_INCREMENT=5 DEFAULT CHARSET=latin1;

--
-- Dumping data for table `ec_pages`
--

INSERT INTO `ec_pages` (`_ID`, `_Title`, `_Content`, `_Status`, `_Created`) VALUES
(1, 'About us', '<p style=\"margin-right: 0px; margin-bottom: 10.5px; margin-left: 0px; font-size: 17px; color: rgb(51, 55, 69); font-family: Roboto, sans-serif; background-color: rgb(247, 247, 247);\"><b>But I must explain to you how all this mistaken idea of denouncing pleasure and praising pain was born and I will give you a complete account of the system, and expound the actual teachings of the great explorer of the truth, the master-builder of human happiness. No one rejects, dislikes, or avoids pleasure itself, because it is pleasure, but because those who do not know how to pursue pleasure rationally encounter consequences that are extremely painful.</b></p><p style=\"margin-right: 0px; margin-bottom: 10.5px; margin-left: 0px; font-size: 17px; color: rgb(51, 55, 69); font-family: Roboto, sans-serif; background-color: rgb(247, 247, 247);\"><b>Nor again is there anyone who loves or pursues or desires to obtain pain of itself, because it is pain, but because occasionally circumstances occur in which toil and pain can procure him some great pleasure. To take a trivial example, which of us ever undertakes laborious physical exercise, except to obtain some advantage from it? But who has any right to find fault with a man who chooses to enjoy a pleasure that has no annoying consequences, or one who avoids a pain that produces no resultant pleasure</b></p>', 1, '2020-08-10 12:30:06.000000'),
(4, 'Customer Service', '<p style=\"margin-right: 0px; margin-bottom: 10.5px; margin-left: 0px; color: rgb(51, 55, 69); font-family: Roboto, sans-serif; font-size: 15px;\">Sed ut perspiciatis unde omnis iste natus error sit voluptatem accusantium doloremque laudantium, totam rem aperiam, eaque ipsa quae ab illo inventore veritatis et quasi architecto beatae vitae dicta sunt explicabo. Nemo enim ipsam voluptatem quia voluptas sit aspernatur aut odit aut fugit, sed quia consequuntur magni dolores eos qui ratione voluptatem sequi nesciunt.</p><p style=\"margin-right: 0px; margin-bottom: 10.5px; margin-left: 0px; color: rgb(51, 55, 69); font-family: Roboto, sans-serif; font-size: 15px;\"><br></p>', 1, '2020-08-10 13:29:22.000000'),
(3, 'Blog', '<span style=\"color: rgb(51, 55, 69); font-family: Roboto, sans-serif; font-size: 15px;\">Lorem ipsum dolor sit amet, consectetur adipisicing elit. Accusamus vitae, in non voluptate voluptatibus eaque velit ut. Voluptate commodi consequatur ipsa tempore, excepturi reiciendis soluta tempora pariatur suscipit iure. Mollitia possimus velit saepe, vitae eius laudantium sint ipsum iure asperiores dicta, laboriosam quae dolorem assumenda distinctio explicabo omnis earum ea rem, ratione culpa dolores.</span>', 1, '2020-08-10 13:24:49.000000');

-- --------------------------------------------------------

--
-- Table structure for table `ec_payment`
--

DROP TABLE IF EXISTS `ec_payment`;
CREATE TABLE IF NOT EXISTS `ec_payment` (
  `_ID` int(11) NOT NULL AUTO_INCREMENT,
  `_Name` varchar(256) DEFAULT NULL COMMENT 'getway name',
  `_Description` varchar(500) DEFAULT NULL,
  `_Details` varchar(500) DEFAULT NULL,
  `_Created` datetime DEFAULT NULL,
  PRIMARY KEY (`_ID`)
) ENGINE=MyISAM AUTO_INCREMENT=5 DEFAULT CHARSET=latin1;

--
-- Dumping data for table `ec_payment`
--

INSERT INTO `ec_payment` (`_ID`, `_Name`, `_Description`, `_Details`, `_Created`) VALUES
(4, 'cash on delivery', 'cash dghdsdv', '{\"key\":[],\"value\":[]}', '2020-07-22 00:00:00');

-- --------------------------------------------------------

--
-- Table structure for table `ec_product`
--

DROP TABLE IF EXISTS `ec_product`;
CREATE TABLE IF NOT EXISTS `ec_product` (
  `_ID` int(11) NOT NULL AUTO_INCREMENT,
  `_Name` varchar(256) DEFAULT NULL,
  `_Des` varchar(1000) DEFAULT NULL,
  `_CatID` int(11) DEFAULT NULL,
  `_SubcatID` int(11) DEFAULT NULL,
  `_Image` text DEFAULT NULL,
  `_Price` varchar(255) DEFAULT NULL,
  `_Sellprice` int(100) DEFAULT NULL,
  `_Special` enum('0','1') DEFAULT NULL,
  `_Status` int(11) DEFAULT NULL,
  `_Specification` longtext CHARACTER SET utf8mb4 COLLATE utf8mb4_bin DEFAULT NULL CHECK (json_valid(`_Specification`)),
  `_Adddetails` varchar(1000) DEFAULT NULL,
  `_Created` datetime(6) DEFAULT NULL,
  PRIMARY KEY (`_ID`),
  KEY `_CatID` (`_CatID`),
  KEY `_SubcatID` (`_SubcatID`),
  KEY `_Special` (`_Special`)
) ENGINE=MyISAM AUTO_INCREMENT=26 DEFAULT CHARSET=latin1;

--
-- Dumping data for table `ec_product`
--

INSERT INTO `ec_product` (`_ID`, `_Name`, `_Des`, `_CatID`, `_SubcatID`, `_Image`, `_Price`, `_Sellprice`, `_Special`, `_Status`, `_Specification`, `_Adddetails`, `_Created`) VALUES
(19, 'Product 1', 'product 1 descripti9on', 1, 13, '[{\"name\":\"1597348331.0694_PRO_19.png\",\"thumb\":\"1597348331.0694_PRO_19_thumb.png\",\"medium\":\"1597348331.0694_PRO_19_med.png\",\"cat\":\"1597348331.0694_PRO_19_cat.png\",\"large\":\"1597348331.0694_PRO_19_large.png\",\"size\":203604},{\"name\":\"1597425026.3012_PRO_19.jpg\",\"thumb\":\"1597425026.3012_PRO_19_thumb.jpg\",\"medium\":\"1597425026.3012_PRO_19_med.jpg\",\"cat\":\"1597425026.3012_PRO_19_cat.jpg\",\"large\":\"1597425026.3012_PRO_19_large.jpg\",\"size\":28051},{\"name\":\"1597425027.1269_PRO_19.jpg\",\"thumb\":\"1597425027.1269_PRO_19_thumb.jpg\",\"medium\":\"1597425027.1269_PRO_19_med.jpg\",\"cat\":\"1597425027.1269_PRO_19_cat.jpg\",\"large\":\"1597425027.1269_PRO_19_large.jpg\",\"size\":25588}]', NULL, NULL, '1', 1, NULL, NULL, '2020-08-17 19:50:53.000000'),
(20, 'GREY T-SHIRT FASHION SPORTEX', 'Neque porro quisquam est, qui dolorem ipsum quia dolor sit amet, consectetur, adipisci velit, sed quia nonkdni numquam eius modi tempora incidunt ut labore\r\n', 1, 4, '[{\"name\":\"1597425228.8_PRO_20.jpg\",\"thumb\":\"1597425228.8_PRO_20_thumb.jpg\",\"medium\":\"1597425228.8_PRO_20_med.jpg\",\"cat\":\"1597425228.8_PRO_20_cat.jpg\",\"large\":\"1597425228.8_PRO_20_large.jpg\",\"size\":27022},{\"name\":\"1597425229.3278_PRO_20.jpg\",\"thumb\":\"1597425229.3278_PRO_20_thumb.jpg\",\"medium\":\"1597425229.3278_PRO_20_med.jpg\",\"cat\":\"1597425229.3278_PRO_20_cat.jpg\",\"large\":\"1597425229.3278_PRO_20_large.jpg\",\"size\":14651},{\"name\":\"1597425229.7931_PRO_20.jpg\",\"thumb\":\"1597425229.7931_PRO_20_thumb.jpg\",\"medium\":\"1597425229.7931_PRO_20_med.jpg\",\"cat\":\"1597425229.7931_PRO_20_cat.jpg\",\"large\":\"1597425229.7931_PRO_20_large.jpg\",\"size\":15121}]', NULL, NULL, '1', 1, NULL, NULL, '2020-08-14 17:13:07.000000'),
(25, 'ATHLETIC T-SHIRT', 'Neque porro quisquam est, qui dolorem ipsum quia dolor sit amet, consectetur, adipisci velit, sed quia nonkdni numquam eius modi tempora incidunt ut labore', 1, 5, '[{\"name\":\"1597425510.7073_PRO_25.jpg\",\"thumb\":\"1597425510.7073_PRO_25_thumb.jpg\",\"medium\":\"1597425510.7073_PRO_25_med.jpg\",\"cat\":\"1597425510.7073_PRO_25_cat.jpg\",\"large\":\"1597425510.7073_PRO_25_large.jpg\",\"size\":12370}]', NULL, NULL, '1', 1, NULL, NULL, '2020-08-14 17:17:56.000000'),
(24, 'STYLE DOME MEN\'S', 'Neque porro quisquam est, qui dolorem ipsum quia dolor sit amet, consectetur, adipisci velit, sed quia nonkdni numquam eius modi tempora incidunt ut labore', 1, 6, '[{\"name\":\"1597425412.2377_PRO_24.jpg\",\"thumb\":\"1597425412.2377_PRO_24_thumb.jpg\",\"medium\":\"1597425412.2377_PRO_24_med.jpg\",\"cat\":\"1597425412.2377_PRO_24_cat.jpg\",\"large\":\"1597425412.2377_PRO_24_large.jpg\",\"size\":26856}]', NULL, NULL, '0', 1, NULL, NULL, '2020-08-14 17:16:13.000000');

-- --------------------------------------------------------

--
-- Table structure for table `ec_review`
--

DROP TABLE IF EXISTS `ec_review`;
CREATE TABLE IF NOT EXISTS `ec_review` (
  `_ID` int(11) NOT NULL AUTO_INCREMENT,
  `_Title` varchar(256) DEFAULT NULL,
  `_Description` varchar(256) DEFAULT NULL,
  `_Review` varchar(1000) DEFAULT NULL,
  `_Rate` double DEFAULT NULL,
  `_UserID` int(11) DEFAULT NULL,
  `_ProductID` int(11) DEFAULT NULL,
  `_Status` enum('0','1') NOT NULL DEFAULT '0',
  `_Created` datetime(6) DEFAULT NULL,
  PRIMARY KEY (`_ID`)
) ENGINE=MyISAM AUTO_INCREMENT=10 DEFAULT CHARSET=latin1;

--
-- Dumping data for table `ec_review`
--

INSERT INTO `ec_review` (`_ID`, `_Title`, `_Description`, `_Review`, `_Rate`, `_UserID`, `_ProductID`, `_Status`, `_Created`) VALUES
(1, 'Maroon T-Shirt', NULL, 'good quality ', 4, 6, 2, '0', '2020-08-06 06:16:49.000000'),
(2, ' Loafers For Men', NULL, 'really nice product', 2, 6, 25, '1', '2020-08-06 06:18:29.000000'),
(6, 'Fit Men', NULL, 'I reviewed after 3 month used, Perfect fit, No color loss, great quality for this price range', 2, 6, 16, '1', '2020-08-10 07:58:41.000000'),
(5, 'Slim Shirt', NULL, 'beautiful color of product', 4, 6, 4, '1', '2020-08-06 08:10:19.000000'),
(7, 'tgf', NULL, 'fdsfdv', 2, 20, 19, '1', '2020-08-18 08:01:33.000000'),
(8, 'tgftrrrrrrrrrrrrrrrrrrrrr', NULL, 'gggggggggg', 4, 20, 25, '1', '2020-08-18 11:08:26.000000'),
(9, 'fggggggg', NULL, 'hhhhhhhhhhhhhhhhhhhhhhhhhhhh', 4, 20, 20, '0', '2020-08-18 11:28:46.000000');

-- --------------------------------------------------------

--
-- Table structure for table `ec_settings`
--

DROP TABLE IF EXISTS `ec_settings`;
CREATE TABLE IF NOT EXISTS `ec_settings` (
  `_ID` int(11) NOT NULL AUTO_INCREMENT,
  `_Key` varchar(255) DEFAULT NULL,
  `_Value` varchar(255) DEFAULT NULL,
  `_Status` enum('0','1') NOT NULL COMMENT '0 for general,1 for social',
  PRIMARY KEY (`_ID`)
) ENGINE=MyISAM AUTO_INCREMENT=16 DEFAULT CHARSET=latin1;

--
-- Dumping data for table `ec_settings`
--

INSERT INTO `ec_settings` (`_ID`, `_Key`, `_Value`, `_Status`) VALUES
(12, 'email', 'admin@gmail.com', '0'),
(2, 'YouTube', 'youbtube.......', '1'),
(3, 'Facebook', 'facebook...............', '1'),
(4, 'Twitter', 'twiteer...............', '1'),
(5, 'Instagram', '', '1'),
(14, 'name', 'Admin', '0'),
(15, 'admin', 'admin', '0');

-- --------------------------------------------------------

--
-- Table structure for table `ec_states`
--

DROP TABLE IF EXISTS `ec_states`;
CREATE TABLE IF NOT EXISTS `ec_states` (
  `id` int(11) NOT NULL AUTO_INCREMENT,
  `name` varchar(30) NOT NULL,
  `country_id` int(11) NOT NULL DEFAULT 1,
  PRIMARY KEY (`id`)
) ENGINE=InnoDB AUTO_INCREMENT=43 DEFAULT CHARSET=latin1;

--
-- Dumping data for table `ec_states`
--

INSERT INTO `ec_states` (`id`, `name`, `country_id`) VALUES
(1, 'Andaman and Nicobar Islands', 101),
(2, 'Andhra Pradesh', 101),
(3, 'Arunachal Pradesh', 101),
(4, 'Assam', 101),
(5, 'Bihar', 101),
(6, 'Chandigarh', 101),
(7, 'Chhattisgarh', 101),
(8, 'Dadra and Nagar Haveli', 101),
(9, 'Daman and Diu', 101),
(10, 'Delhi-NCR', 101),
(11, 'Goa', 101),
(12, 'Gujarat', 101),
(13, 'Haryana', 101),
(14, 'Himachal Pradesh', 101),
(15, 'Jammu and Kashmir', 101),
(16, 'Jharkhand', 101),
(17, 'Karnataka', 101),
(18, 'Kenmore', 101),
(19, 'Kerala', 101),
(20, 'Lakshadweep', 101),
(21, 'Madhya Pradesh', 101),
(22, 'Maharashtra', 101),
(23, 'Manipur', 101),
(24, 'Meghalaya', 101),
(25, 'Mizoram', 101),
(26, 'Nagaland', 101),
(27, 'Narora', 101),
(28, 'Natwar', 101),
(29, 'Odisha', 101),
(30, 'Paschim Medinipur', 101),
(31, 'Pondicherry', 101),
(32, 'Punjab', 101),
(33, 'Rajasthan', 101),
(34, 'Sikkim', 101),
(35, 'Tamil Nadu', 101),
(36, 'Telangana', 101),
(37, 'Tripura', 101),
(38, 'TEST', 101),
(39, 'UP-1', 101),
(40, 'xxxxxx', 101),
(41, 'West Bengal', 101),
(42, 'UP-2', 101);

-- --------------------------------------------------------

--
-- Table structure for table `ec_store`
--

DROP TABLE IF EXISTS `ec_store`;
CREATE TABLE IF NOT EXISTS `ec_store` (
  `_ID` int(11) NOT NULL AUTO_INCREMENT,
  `_Name` varchar(256) DEFAULT NULL,
  `_Des` varchar(256) DEFAULT NULL,
  `_Logo` varchar(256) DEFAULT NULL,
  `_Email` varchar(256) DEFAULT NULL,
  `_mobile` int(100) DEFAULT NULL,
  `_Address` varchar(256) DEFAULT NULL,
  `_Created` datetime(6) DEFAULT NULL,
  PRIMARY KEY (`_ID`)
) ENGINE=MyISAM AUTO_INCREMENT=2 DEFAULT CHARSET=latin1;

--
-- Dumping data for table `ec_store`
--

INSERT INTO `ec_store` (`_ID`, `_Name`, `_Des`, `_Logo`, `_Email`, `_mobile`, `_Address`, `_Created`) VALUES
(1, 'Ecom Store', '2354346546', '154673.jpg', 'support@ecom.com', 1237774326, 'new naroda', '2020-07-23 12:16:30.000000');

-- --------------------------------------------------------

--
-- Table structure for table `ec_template`
--

DROP TABLE IF EXISTS `ec_template`;
CREATE TABLE IF NOT EXISTS `ec_template` (
  `_ID` int(11) NOT NULL AUTO_INCREMENT,
  `_Name` varchar(256) DEFAULT NULL,
  `_Slug` varchar(256) DEFAULT NULL,
  `_Subject` varchar(256) DEFAULT NULL,
  `_Content` varchar(1000) DEFAULT NULL,
  `_Mail_to` varchar(100) DEFAULT NULL,
  `_Type` longtext CHARACTER SET utf8mb4 COLLATE utf8mb4_bin DEFAULT NULL CHECK (json_valid(`_Type`)),
  `_Created` datetime(6) DEFAULT NULL,
  PRIMARY KEY (`_ID`)
) ENGINE=MyISAM AUTO_INCREMENT=6 DEFAULT CHARSET=latin1;

--
-- Dumping data for table `ec_template`
--

INSERT INTO `ec_template` (`_ID`, `_Name`, `_Slug`, `_Subject`, `_Content`, `_Mail_to`, `_Type`, `_Created`) VALUES
(1, 'forgot password', 'forgot-password', 'fogotpass', 'Hello , %user%<br>\r\nYour mail ID :%emailid %<br>\r\nPlease click on below URL to reset password<br>\r\n<a href =\"%url%\"> Reset password</a>', '%mail%', '[\"1\"]', '2020-07-24 12:21:17.000000'),
(3, 'register', 'register', 'New user', 'Hii ,%user% <br>\r\nwelcome to %user%\r\nThank you for registering with %url%<br>\r\nThanks & Regards,\r\n%sitename% Team\r\n', '%mail%', '[\"1\"]', '2020-07-24 12:35:51.000000'),
(4, 'reset password', 'reset-password', 'resetpass', 'Hello ,%user% !\r\nThe password for your  account on %mail% has successfully been changed.\r\nIf you did not initiate this change, please contact your administrator immediately.', '%mail%', '[\"1\"]', '2020-07-24 13:01:47.000000'),
(5, 'place order', 'place-order', 'create order', '<h3><b>Order created<b><h3>\r\norder number: %orderid% <br>\r\n\r\n<h2><b>Dear %user%</b></h2>\r\nThank you for shopping with %url% ! Your order has been created and is being proccessed. see below for details.We will send you an E-mail messages when you order shipped or is ready to picked up.<br>\r\n<b>order details</b>\r\n<h4>Billing information</h4>\r\n%orderdate%<br>\r\n<table>\r\n<tr>\r\n<td>no</td>\r\n<td>name</td>\r\n<td>quantity</td>\r\n<td>price</td>\r\n<td>total</td>\r\n</tr>\r\n<tr>\r\n<td>%no%</td>\r\n<td>%name%</td>\r\n<td>%quantity%</td>\r\n<td>%price%</td>\r\n<td>%total%</td>\r\n</tr>\r\n</table><br>\r\nThanks again for shopping %url% and we hope to see you again soon!\r\n', '%mail%', '[\"1\"]', '2020-07-25 06:39:29.000000');

-- --------------------------------------------------------

--
-- Table structure for table `ec_usermaster`
--

DROP TABLE IF EXISTS `ec_usermaster`;
CREATE TABLE IF NOT EXISTS `ec_usermaster` (
  `_ID` int(10) NOT NULL AUTO_INCREMENT,
  `_Firstname` varchar(200) NOT NULL,
  `_Lastname` varchar(200) DEFAULT NULL,
  `_Email` varchar(255) NOT NULL,
  `_Address` text DEFAULT NULL,
  `_Mobile` bigint(100) DEFAULT NULL,
  `_Username` varchar(250) NOT NULL,
  `_Password` varchar(255) NOT NULL,
  `_Created` datetime NOT NULL,
  PRIMARY KEY (`_ID`),
  KEY `_ID` (`_ID`),
  KEY `_Firstname` (`_Firstname`),
  KEY `_Lastname` (`_Lastname`),
  KEY `_Email` (`_Email`),
  KEY `_Username` (`_Username`),
  KEY `_Password` (`_Password`),
  KEY `_Created` (`_Created`)
) ENGINE=InnoDB AUTO_INCREMENT=2 DEFAULT CHARSET=latin1;

--
-- Dumping data for table `ec_usermaster`
--

INSERT INTO `ec_usermaster` (`_ID`, `_Firstname`, `_Lastname`, `_Email`, `_Address`, `_Mobile`, `_Username`, `_Password`, `_Created`) VALUES
(1, 'Admin', 'LTE', 'admin@gmail.com', '795 Folsom Ave,  \r\nSuite 600\r\nSan Francisco,  CA 94107', 123777432, 'admin', '21232f297a57a5a743894a0e4a801fc3', '2017-06-01 01:08:18');

-- --------------------------------------------------------

--
-- Table structure for table `ec_users`
--

DROP TABLE IF EXISTS `ec_users`;
CREATE TABLE IF NOT EXISTS `ec_users` (
  `_ID` int(11) NOT NULL AUTO_INCREMENT,
  `_Firstname` varchar(100) DEFAULT NULL,
  `_Lastname` varchar(100) DEFAULT NULL,
  `_Email` varchar(100) DEFAULT NULL,
  `_Mobile` bigint(100) DEFAULT NULL,
  `_Password` varchar(50) DEFAULT NULL,
  `_Gender` varchar(50) DEFAULT NULL,
  `_Profilepic` varchar(255) DEFAULT NULL,
  `reset_token` varchar(255) DEFAULT NULL,
  `_Created` datetime(6) DEFAULT NULL,
  PRIMARY KEY (`_ID`)
) ENGINE=MyISAM AUTO_INCREMENT=21 DEFAULT CHARSET=latin1;

--
-- Dumping data for table `ec_users`
--

INSERT INTO `ec_users` (`_ID`, `_Firstname`, `_Lastname`, `_Email`, `_Mobile`, `_Password`, `_Gender`, `_Profilepic`, `reset_token`, `_Created`) VALUES
(3, 'yogita patil p', 'patil', 'yogita@gmail.com', 4785123690, '9001587b0fed20a2cb33e43a51bb3f83', 'Female', '0_a43d7_81bdfcad_XXXL.jpg', NULL, '2020-07-04 12:18:53.000000'),
(4, 'tejubcv', 'patel', 't@gmail.com', 4758963210, '4c1625d7eb96f8b43cb33e0459b0e105', 'Female', '154673.jpg', NULL, '2020-07-04 12:51:40.000000'),
(5, 'Rahul', 'Patel', 'rahul@gmail.com', 9090909090, '9746ed8e99d7774ea6f7527df7800239', 'Male', NULL, NULL, '2020-07-16 18:08:55.000000'),
(6, 'Rahul', 'Patel', 'ram@gmail.com', 7589632100, '9001587b0fed20a2cb33e43a51bb3f83', 'Male', 'images (1).jpg', '5b7eb31dcd8dd2c630e736f402a70187', '2020-08-07 12:26:16.000000'),
(8, 'mansi', 'vani', 'm@gmail.com', NULL, '43f07713440bb0d1c09374ed583391bf', NULL, NULL, NULL, '2020-07-24 09:07:01.000000'),
(19, 'urvi', 'patel', 'urvi@gmail.com', NULL, 'c99af47712fa703f32ee856389faaa5f', NULL, NULL, NULL, '2020-08-07 12:56:25.000000'),
(20, 'riya', 'kachi', 'riya@gmail.com', 4563218907, 'd8aef0a6b95781b42a9bc06b232043e5', NULL, NULL, NULL, '2020-08-08 11:00:10.000000');

-- --------------------------------------------------------

--
-- Table structure for table `ec_user_address`
--

DROP TABLE IF EXISTS `ec_user_address`;
CREATE TABLE IF NOT EXISTS `ec_user_address` (
  `_ID` int(11) NOT NULL AUTO_INCREMENT,
  `_UserID` int(11) NOT NULL,
  `_Name` varchar(256) DEFAULT NULL,
  `_Line1` text DEFAULT NULL,
  `_Line2` text DEFAULT NULL,
  `_Postcode` varchar(256) DEFAULT NULL,
  `_City` int(10) NOT NULL DEFAULT 0,
  `_State` int(11) NOT NULL DEFAULT 0,
  `_Country` varchar(50) NOT NULL DEFAULT 'India',
  `_IsActive` tinyint(1) NOT NULL DEFAULT 0,
  PRIMARY KEY (`_ID`)
) ENGINE=InnoDB AUTO_INCREMENT=26 DEFAULT CHARSET=latin1;

--
-- Dumping data for table `ec_user_address`
--

INSERT INTO `ec_user_address` (`_ID`, `_UserID`, `_Name`, `_Line1`, `_Line2`, `_Postcode`, `_City`, `_State`, `_Country`, `_IsActive`) VALUES
(4, 4, 'Home', '232/1339, GHB', 'Bapunagar', '380024', 354, 1, '1', 0),
(5, 3, 'Home', 'Moti vasan sheri', 'saraspur', '380018', 1101, 12, '1', 0),
(6, 6, 'BLOCK', 'Moti vasan sheri2', 'saraspur', '380018', 250, 2, '2', 1),
(13, 3, 'Home', 'Moti vasan sheri', 'Incom Tax', '232', 1928, 7, 'India', 0),
(14, 3, 'Office 2', '314, Sakar - 9', 'Incom Tax', '342423', 1868, 11, 'India', 0),
(15, 6, 'Home', '1490, Moti Vasan Sheri', 'Saraspur', '380018', 1019, 12, 'India', 0),
(16, 3, 'fghfg', 'hgfhgf', 'hgfh', '334657658678', 1066, 12, 'India', 0),
(18, 6, 'OFFICE', 'new naroda', 'parshwanath town ship', '12432534', 221, 12, 'India', 0),
(19, 20, 'test1', 'test2', 'test3', '2000', 16, 12, 'India', 0),
(25, 20, 'test1', 'test2', 'test3', '2000', 16, 12, 'India', 0);

-- --------------------------------------------------------

--
-- Table structure for table `ec_wishlist`
--

DROP TABLE IF EXISTS `ec_wishlist`;
CREATE TABLE IF NOT EXISTS `ec_wishlist` (
  `_ID` int(11) NOT NULL AUTO_INCREMENT,
  `_Userid` int(11) DEFAULT NULL,
  `_Productid` int(11) DEFAULT NULL,
  `_Created` datetime(6) DEFAULT NULL,
  PRIMARY KEY (`_ID`)
) ENGINE=MyISAM AUTO_INCREMENT=22 DEFAULT CHARSET=latin1;

--
-- Dumping data for table `ec_wishlist`
--

INSERT INTO `ec_wishlist` (`_ID`, `_Userid`, `_Productid`, `_Created`) VALUES
(15, 6, 16, '2020-08-10 07:56:25.000000'),
(17, 6, 19, '2020-08-14 17:06:24.000000'),
(18, 20, 19, '2020-08-18 07:59:39.000000'),
(19, 20, 19, '2020-08-18 07:59:45.000000'),
(20, 20, 20, '2020-08-18 11:26:27.000000'),
(21, 6, 25, '2020-08-18 12:26:14.000000');
COMMIT;

/*!40101 SET CHARACTER_SET_CLIENT=@OLD_CHARACTER_SET_CLIENT */;
/*!40101 SET CHARACTER_SET_RESULTS=@OLD_CHARACTER_SET_RESULTS */;
/*!40101 SET COLLATION_CONNECTION=@OLD_COLLATION_CONNECTION */;
